Occurrence,Entry,Stop_Loss,Take_Profit,Result,Balance
2026-05-01 05:00:00,4948.782,4950.058,4941.126000000001,SL,975.0
2026-05-01 06:25:00,4955.35,4958.33,4937.470000000003,SL,950.0
2026-05-01 07:55:00,4944.75,4951.014,4907.165999999999,SL,925.0
2026-05-01 09:05:00,4945.986,4948.2835,4932.201000000002,SL,900.0
2026-05-01 09:30:00,4940.975,4938.0595,4958.468000000001,SL,875.0
2026-05-01 10:30:00,4950.451,4952.9565,4935.417999999999,SL,850.0
2026-05-01 12:05:00,4959.195,4961.698,4944.176999999996,SL,825.0
2026-05-01 13:10:00,4962.343,4964.9915,4946.451999999998,SL,800.0
2026-05-01 14:00:00,4957.522,4956.978,4960.785999999999,SL,775.0
2026-05-01 16:15:00,4955.84,4952.4745,4976.032999999999,SL,750.0
2026-05-01 18:00:00,4969.893,4973.082,4950.758999999998,SL,725.0
2026-05-01 20:35:00,4968.097,4969.665,4958.6889999999985,SL,700.0
2026-05-01 21:10:00,4973.894,4975.695,4963.088000000003,SL,675.0
2026-05-01 22:40:00,4980.725,4985.049000000001,4954.780999999997,SL,650.0
2026-05-02 01:10:00,4973.994,4975.8075,4963.1129999999985,TP,775.0
2026-05-02 02:35:00,4960.378,4961.882,4951.354,SL,750.0
2026-05-02 03:30:00,4960.579,4964.380999999999,4937.767000000002,SL,725.0
2026-05-02 04:40:00,4964.047,4965.931499999999,4952.740000000004,TP,850.0
2026-05-02 07:30:00,4939.254,4937.280999999999,4951.092000000005,SL,825.0
2026-05-02 08:05:00,4938.936,4936.1669999999995,4955.550000000001,SL,800.0
2026-05-02 09:10:00,4949.223,4952.151,4931.655000000001,SL,775.0
2026-05-02 12:15:00,4936.144,4934.523,4945.870000000001,SL,750.0
2026-05-02 13:50:00,4946.785,4949.7755,4928.842000000001,SL,725.0
2026-05-02 14:30:00,4939.374,4937.33,4951.637999999999,SL,700.0
2026-05-02 16:55:00,4966.104,4969.8095,4943.871,SL,675.0
2026-05-02 18:10:00,4965.934,4962.0235,4989.397,SL,650.0
2026-05-02 21:05:00,4979.481,4981.7595,4965.809999999998,SL,625.0
2026-05-02 22:45:00,4986.281,4989.626,4966.210999999998,SL,600.0
2026-05-03 00:40:00,4991.903,4996.1345,4966.514000000001,SL,575.0
2026-05-03 03:40:00,4970.81,4968.392,4985.318000000004,SL,550.0
2026-05-03 04:45:00,4970.596,4967.59,4988.631999999996,SL,525.0
2026-05-03 06:35:00,4964.668,4962.4275,4978.110999999999,SL,500.0
2026-05-03 08:30:00,4965.319,4963.1315,4978.444,SL,475.0
2026-05-03 08:45:00,4969.722,4970.549499999999,4964.757000000003,SL,450.0
2026-05-03 09:00:00,4965.699,4963.4974999999995,4978.908,SL,425.0
2026-05-03 10:10:00,4974.051,4976.0625,4961.982000000003,SL,400.0
2026-05-03 11:25:00,4966.087,4961.911,4991.143000000003,SL,375.0
2026-05-03 15:25:00,4973.19,4970.768,4987.721999999997,SL,350.0
2026-05-03 17:55:00,4976.123,4973.835,4989.850999999997,SL,325.0
2026-05-03 19:45:00,4981.942,4979.360000000001,4997.433999999997,SL,300.0
2026-05-03 21:30:00,4984.18,4983.448,4988.572,SL,275.0
2026-05-03 23:45:00,4981.605,4981.4915,4982.285999999996,SL,250.0
2026-05-04 01:00:00,4981.033,4978.9355,4993.618000000005,SL,225.0
2026-05-04 03:40:00,5018.365,5020.7485,5004.064,SL,200.0
2026-05-04 04:45:00,5018.164,5020.862499999999,5001.973000000003,SL,175.0
2026-05-04 07:15:00,5010.765,5008.392,5025.003000000003,SL,150.0
2026-05-04 09:35:00,5022.263,5022.4259999999995,5021.285000000003,SL,125.0
2026-05-04 10:55:00,5014.242,5013.884,5016.390000000001,SL,100.0
2026-05-04 11:25:00,5021.754,5025.406499999999,4999.8390000000045,SL,75.0
2026-05-04 12:35:00,5009.748,5006.6669999999995,5028.234,SL,50.0
2026-05-04 14:10:00,5005.448,5002.709000000001,5021.881999999998,SL,25.0
2026-05-04 15:35:00,5013.567,5015.3745,5002.722000000001,SL,0.0
2026-05-04 18:00:00,5012.115,5011.9349999999995,5013.1950000000015,SL,-25.0
2026-05-04 18:55:00,5020.461,5023.293000000001,5003.468999999998,TP,100.0
2026-05-04 21:00:00,5007.204,5004.815,5021.5380000000005,SL,75.0
2026-05-04 21:55:00,5006.473,5004.5825,5017.815999999997,SL,50.0
2026-05-04 22:50:00,5000.24,4998.394,5011.315999999997,SL,25.0
2026-05-05 00:40:00,5013.079,5016.941499999999,4989.904000000004,SL,0.0
2026-05-05 02:05:00,5017.667,5019.481,5006.783000000004,SL,-25.0
2026-05-05 03:55:00,5025.835,5028.4105,5010.3820000000005,SL,-50.0
2026-05-05 04:35:00,5029.22,5031.579,5015.066000000003,TP,75.0
2026-05-05 07:05:00,5003.611,4999.559499999999,5027.920000000003,SL,50.0
2026-05-05 08:20:00,5004.648,5000.7235,5028.195000000001,SL,25.0
2026-05-05 08:55:00,5014.528,5017.934,4994.092000000001,TP,150.0
2026-05-05 11:35:00,5014.625,5016.64,5002.534999999998,TP,275.0
2026-05-05 12:35:00,5012.635,5015.271000000001,4996.818999999998,TP,400.0
2026-05-05 13:45:00,5004.752,5003.7915,5010.515000000001,SL,375.0
2026-05-05 15:15:00,5000.965,5000.2745,5005.107999999998,SL,350.0
2026-05-05 17:30:00,5008.239,5010.3279999999995,4995.705,TP,475.0
2026-05-05 18:05:00,5001.439,4999.0695000000005,5015.655999999999,SL,450.0
2026-05-05 19:10:00,4997.164,4995.725,5005.797999999996,SL,425.0
2026-05-05 19:55:00,4992.839,4990.7045,5005.646000000001,SL,400.0
2026-05-05 21:30:00,4991.191,4988.5740000000005,5006.8929999999955,SL,375.0
2026-05-05 22:10:00,4994.758,4995.8085,4988.454999999998,SL,350.0
2026-05-05 22:25:00,4991.204,4989.4205,5001.904999999997,SL,325.0
2026-05-05 22:55:00,5000.339,5002.116,4989.677,SL,300.0
2026-05-05 23:50:00,4997.224,4999.7455,4982.095000000001,SL,275.0
2026-05-06 00:20:00,4997.952,4998.916,4992.168000000001,SL,250.0
2026-05-06 00:35:00,4992.82,4992.456,4995.003999999997,SL,225.0
2026-05-06 02:10:00,5009.378,5011.9439999999995,4993.982000000001,SL,200.0
2026-05-06 03:50:00,5015.846,5018.170499999999,5001.899000000001,SL,175.0
2026-05-06 05:10:00,5006.287,5003.7505,5021.506000000001,SL,150.0
2026-05-06 06:00:00,5012.692,5015.093,4998.286000000001,SL,125.0
2026-05-06 07:00:00,4998.675,4995.4725,5017.890000000002,SL,100.0
2026-05-06 08:15:00,4994.731,4992.109,5010.462999999996,SL,75.0
2026-05-06 10:45:00,5007.209,5011.3330000000005,4982.464999999996,SL,50.0
2026-05-06 12:05:00,5021.755,5023.5725,5010.849999999999,SL,25.0
2026-05-06 13:45:00,5012.243,5010.759,5021.147000000003,SL,0.0
2026-05-06 14:20:00,5019.664,5022.936,5000.032,SL,-25.0
2026-05-06 15:25:00,5016.5,5020.0935,4994.939,TP,100.0
2026-05-06 16:10:00,5005.547,5003.5355,5017.615999999997,SL,75.0
2026-05-06 17:50:00,4996.471,4994.705999999999,5007.0610000000015,SL,50.0
2026-05-06 21:55:00,4990.664,4988.92,5001.127999999998,SL,25.0
2026-05-07 02:00:00,4985.513,4981.898499999999,5007.2000000000035,SL,0.0
2026-05-07 03:20:00,4980.83,4978.754,4993.286,SL,-25.0
2026-05-07 04:40:00,4973.641,4971.224999999999,4988.137000000001,SL,-50.0
2026-05-07 05:10:00,4973.045,4970.0599999999995,4990.955000000004,SL,-75.0
2026-05-07 07:00:00,4985.352,4986.9574999999995,4975.719000000002,SL,-100.0
2026-05-07 08:25:00,4979.935,4976.998,4997.557000000005,SL,-125.0
2026-05-07 10:00:00,4993.879,4994.156999999999,4992.211000000004,TP,0.0
2026-05-07 10:25:00,4985.715,4979.021000000001,5025.878999999997,SL,-25.0
2026-05-07 12:15:00,4977.429,4975.2195,4990.686,SL,-50.0
2026-05-07 15:50:00,4997.073,5001.032500000001,4973.315999999995,SL,-75.0
2026-05-07 18:25:00,4980.339,4977.5365,4997.153999999999,SL,-100.0
2026-05-07 19:15:00,4978.731,4975.8994999999995,4995.720000000001,SL,-125.0
2026-05-07 21:25:00,4986.615,4986.736499999999,4985.886000000004,SL,-150.0
2026-05-07 22:25:00,4976.33,4972.280000000001,5000.629999999996,SL,-175.0
2026-05-07 23:35:00,4976.512,4974.1669999999995,4990.582000000001,SL,-200.0
2026-05-08 01:25:00,4993.525,4995.779,4980.000999999995,SL,-225.0
2026-05-08 02:40:00,4990.979,4988.0535,5008.532000000002,SL,-250.0
2026-05-08 03:10:00,4996.769,4998.4215,4986.853999999999,SL,-275.0
2026-05-08 08:55:00,5010.723,5014.306,4989.225000000002,SL,-300.0
2026-05-08 09:45:00,5010.75,5013.0675,4996.844999999999,SL,-325.0
2026-05-08 11:50:00,5019.574,5021.4115,5008.548999999996,SL,-350.0
2026-05-08 13:05:00,5013.659,5012.254499999999,5022.086000000003,SL,-375.0
2026-05-08 13:40:00,5023.893,5026.0075,5011.206000000002,SL,-400.0
2026-05-08 15:05:00,5030.079,5032.3035,5016.731999999998,TP,-275.0
2026-05-08 16:10:00,5030.863,5034.294,5010.277000000003,TP,-150.0
2026-05-08 17:25:00,5022.509,5019.9529999999995,5037.845000000003,SL,-175.0
2026-05-08 19:05:00,5031.275,5032.629499999999,5023.148000000003,TP,-50.0
2026-05-08 19:55:00,5031.215,5033.547500000001,5017.2199999999975,Pending,-50.0
2026-05-08 20:50:00,5019.44,5017.137499999999,5033.255000000004,SL,-75.0
2026-05-08 22:35:00,5024.748,5025.1515,5022.3269999999975,TP,50.0
2026-05-08 23:55:00,5007.945,5004.8875,5026.289999999999,SL,25.0
2026-05-09 00:45:00,5004.903,5002.4755000000005,5019.467999999999,SL,0.0
2026-05-09 01:35:00,5005.945,5003.9685,5017.803999999998,SL,-25.0
2026-05-09 03:05:00,5022.421,5023.8765,5013.688,SL,-50.0
2026-05-09 04:45:00,5028.311,5030.8585,5013.025999999996,TP,75.0
2026-05-09 07:35:00,5016.004,5013.6545,5030.1010000000015,SL,50.0
2026-05-09 11:00:00,5008.629,5005.1515,5029.494,SL,25.0
2026-05-09 14:35:00,5024.144,5025.126,5018.252,Pending,25.0
2026-05-09 15:45:00,5011.166,5008.5064999999995,5027.123000000004,SL,0.0
2026-05-09 16:50:00,5005.355,5002.539,5022.250999999998,SL,-25.0
2026-05-09 18:35:00,5002.911,5001.191500000001,5013.2279999999955,SL,-50.0
2026-05-09 20:20:00,4990.547,4988.276,5004.172999999998,SL,-75.0
2026-05-10 00:00:00,4982.415,4979.8235,4997.963999999997,SL,-100.0
2026-05-10 01:40:00,4976.204,4973.53,4992.248,SL,-125.0
2026-05-10 02:10:00,4977.093,4974.4055,4993.218,SL,-150.0
2026-05-10 03:00:00,4983.485,4985.727999999999,4970.027000000003,SL,-175.0
2026-05-10 03:50:00,4983.12,4985.3075,4969.995,SL,-200.0
2026-05-10 04:25:00,4974.821,4972.816,4986.851000000001,SL,-225.0
2026-05-10 07:00:00,4958.193,4955.4125,4974.875999999999,SL,-250.0
2026-05-10 09:50:00,4973.797,4969.8705,4997.355999999997,SL,-275.0
2026-05-10 10:35:00,4984.022,4985.464,4975.37,SL,-300.0
2026-05-10 12:45:00,4995.893,4999.4235,4974.710000000001,TP,-175.0
2026-05-10 14:00:00,4983.845,4983.1255,4988.162000000001,SL,-200.0
2026-05-10 15:40:00,4994.505,4998.3215,4971.606000000001,TP,-75.0
2026-05-10 18:00:00,4978.926,4976.083500000001,4995.980999999999,SL,-100.0
2026-05-10 18:55:00,4978.554,4975.6325,4996.083000000002,SL,-125.0
2026-05-10 21:45:00,4967.425,4965.339,4979.941000000002,SL,-150.0
2026-05-11 01:45:00,4982.899,4985.9275,4964.728000000004,SL,-175.0
2026-05-11 04:50:00,4965.922,4959.2595,5005.896999999996,SL,-200.0
2026-05-11 06:00:00,4966.329,4962.959999999999,4986.543000000003,SL,-225.0
2026-05-11 06:30:00,4972.265,4975.4305,4953.272,SL,-250.0
2026-05-11 08:40:00,4965.327,4964.222,4971.957000000003,SL,-275.0
2026-05-11 10:15:00,4970.649,4968.204500000001,4985.315999999998,SL,-300.0
2026-05-11 11:30:00,4979.917,4981.004000000001,4973.394999999998,TP,-175.0
2026-05-11 13:10:00,4990.574,4993.19,4974.878,SL,-200.0
2026-05-11 14:15:00,4996.864,5004.808499999999,4949.197000000002,TP,-75.0
2026-05-11 14:35:00,4986.002,4982.857,5004.872000000003,SL,-100.0
2026-05-11 21:00:00,4971.443,4973.8325,4957.105999999999,SL,-125.0
2026-05-11 21:50:00,4967.565,4967.5205,4967.831999999999,SL,-150.0
2026-05-11 22:35:00,4976.764,4978.6585000000005,4965.396999999998,TP,-25.0
2026-05-12 02:05:00,4957.648,4953.5315,4982.347000000001,SL,-50.0
2026-05-12 06:25:00,4974.994,4976.135,4968.1479999999965,TP,75.0
2026-05-12 08:05:00,4959.812,4959.2585,4963.133,SL,50.0
2026-05-12 08:55:00,4972.522,4980.666499999999,4923.655000000003,SL,25.0
2026-05-12 10:35:00,4967.214,4973.5705,4929.075000000001,TP,150.0
2026-05-12 11:20:00,4963.263,4961.2145,4975.553999999999,SL,125.0
2026-05-12 12:05:00,4967.382,4967.455,4966.943999999998,SL,100.0
2026-05-12 13:00:00,4950.855,4948.7955,4963.211999999996,SL,75.0
2026-05-12 13:30:00,4950.505,4948.8814999999995,4960.246000000004,SL,50.0
2026-05-12 13:55:00,4956.109,4957.9075,4945.318000000001,SL,25.0
2026-05-12 15:00:00,4954.63,4956.5650000000005,4943.019999999998,TP,150.0
2026-05-12 16:20:00,4933.929,4932.089,4944.969000000001,SL,125.0
2026-05-12 17:50:00,4933.688,4931.0935,4949.255000000001,SL,100.0
2026-05-12 18:05:00,4939.804,4942.519,4923.513999999999,TP,225.0
2026-05-12 19:00:00,4924.772,4921.714,4943.12,SL,200.0
2026-05-12 20:25:00,4929.425,4931.792,4915.222999999999,TP,325.0
2026-05-12 21:10:00,4926.231,4929.5665,4906.217999999999,SL,300.0
2026-05-12 21:35:00,4918.693,4916.9545,4929.1240000000025,SL,275.0
2026-05-12 23:30:00,4913.282,4908.968500000001,4939.162999999996,SL,250.0
2026-05-13 00:15:00,4912.028,4910.224,4922.852000000001,SL,225.0
2026-05-13 01:50:00,4922.134,4922.6669999999995,4918.936000000003,SL,200.0
2026-05-13 02:20:00,4921.822,4923.267,4913.152000000002,TP,325.0
2026-05-13 03:25:00,4915.991,4914.701999999999,4923.725000000004,SL,300.0
2026-05-13 04:55:00,4908.032,4906.7275,4915.859000000001,SL,275.0
2026-05-13 07:15:00,4930.904,4933.650500000001,4914.424999999999,SL,250.0
2026-05-13 08:20:00,4931.033,4929.2655,4941.638,SL,225.0
2026-05-13 10:35:00,4924.595,4922.3185,4938.254,SL,200.0
2026-05-13 11:50:00,4919.064,4915.8115,4938.579000000003,SL,175.0
2026-05-13 13:00:00,4924.934,4926.487999999999,4915.610000000005,TP,300.0
2026-05-13 14:00:00,4915.383,4914.0019999999995,4923.669000000002,SL,275.0
2026-05-13 14:50:00,4914.419,4912.522499999999,4925.798000000004,SL,250.0
2026-05-13 15:15:00,4919.054,4921.432500000001,4904.782999999996,TP,375.0
2026-05-13 16:05:00,4920.078,4921.951000000001,4908.839999999997,TP,500.0
2026-05-13 17:40:00,4913.152,4910.767,4927.462000000001,SL,475.0
2026-05-13 18:55:00,4920.242,4922.3175,4907.789000000001,TP,600.0
2026-05-13 19:30:00,4911.117,4908.314,4927.9349999999995,SL,575.0
2026-05-13 20:30:00,4904.91,4902.824500000001,4917.422999999995,SL,550.0
2026-05-13 21:40:00,4913.358,4915.8115,4898.637000000002,SL,525.0
2026-05-13 22:25:00,4905.842,4903.312,4921.021999999998,SL,500.0
2026-05-13 23:10:00,4900.503,4898.8769999999995,4910.259000000001,SL,475.0
2026-05-14 04:30:00,4914.989,4920.487999999999,4881.995000000001,SL,450.0
2026-05-14 08:20:00,4918.174,4920.934,4901.613999999999,SL,425.0
2026-05-14 10:05:00,4908.403,4905.306500000001,4926.981999999998,SL,400.0
2026-05-14 11:30:00,4913.107,4913.1535,4912.827999999998,SL,375.0
2026-05-14 12:15:00,4908.083,4905.7775,4921.9159999999965,SL,350.0
2026-05-14 13:15:00,4906.832,4904.642,4919.972000000003,SL,325.0
2026-05-14 14:30:00,4902.899,4899.542,4923.041,SL,300.0
2026-05-14 16:45:00,4920.898,4923.6875,4904.161000000001,SL,275.0
2026-05-14 20:10:00,4905.021,4902.4039999999995,4920.723000000001,SL,250.0
2026-05-14 21:00:00,4904.03,4902.031499999999,4916.021000000003,SL,225.0
2026-05-14 21:25:00,4913.161,4915.655000000001,4898.1969999999965,SL,200.0
2026-05-14 23:10:00,4916.877,4920.458500000001,4895.387999999999,SL,175.0
2026-05-15 01:35:00,4908.856,4904.6245,4934.244999999999,SL,150.0
2026-05-15 02:20:00,4910.835,4908.451999999999,4925.133000000004,SL,125.0
2026-05-15 02:50:00,4915.631,4917.0245,4907.2699999999995,TP,250.0
2026-05-15 04:25:00,4916.827,4916.893,4916.431000000001,SL,225.0
2026-05-15 05:40:00,4904.463,4900.798499999999,4926.450000000004,SL,200.0
2026-05-15 06:30:00,4904.515,4902.283,4917.907,SL,175.0
2026-05-15 07:10:00,4913.491,4915.697,4900.254999999999,SL,150.0
2026-05-15 08:50:00,4905.368,4905.307500000001,4905.730999999998,SL,125.0
2026-05-15 09:30:00,4906.368,4904.486500000001,4917.656999999997,SL,100.0
2026-05-15 10:30:00,4916.684,4918.065500000001,4908.394999999998,SL,75.0
2026-05-15 13:35:00,4901.949,4899.8045,4914.815999999996,SL,50.0
2026-05-15 16:55:00,4926.308,4923.4285,4943.585,SL,25.0
2026-05-15 23:25:00,4928.303,4927.686,4932.005000000001,SL,0.0
2026-05-16 01:20:00,4933.88,4934.076,4932.704000000001,SL,-25.0
2026-05-16 02:00:00,4928.557,4925.903,4944.480999999997,SL,-50.0
2026-05-16 03:20:00,4917.921,4915.5695,4932.030000000004,SL,-75.0
2026-05-16 04:00:00,4914.906,4912.776,4927.686000000001,SL,-100.0
2026-05-16 04:40:00,4925.639,4929.2765,4903.814000000001,SL,-125.0
2026-05-16 07:35:00,4944.703,4949.5335000000005,4915.72,SL,-150.0
2026-05-16 09:35:00,4957.915,4959.2815,4949.715999999999,SL,-175.0
2026-05-16 12:45:00,4953.776,4956.228,4939.0639999999985,TP,-50.0
2026-05-16 15:40:00,4938.443,4936.159000000001,4952.146999999998,SL,-75.0
2026-05-16 19:15:00,4936.032,4935.8279999999995,4937.256000000004,SL,-100.0
2026-05-16 20:20:00,4932.649,4930.3195000000005,4946.625999999999,SL,-125.0
2026-05-16 20:55:00,4940.817,4944.838,4916.691000000002,SL,-150.0
2026-05-16 23:05:00,4947.626,4951.694,4923.217999999999,SL,-175.0
2026-05-17 00:20:00,4949.942,4952.5275,4934.428999999999,TP,-50.0
2026-05-17 01:50:00,4938.163,4935.258,4955.592999999998,SL,-75.0
2026-05-17 02:35:00,4933.263,4930.473,4950.003,SL,-100.0
2026-05-17 03:20:00,4939.904,4942.1795,4926.251000000002,SL,-125.0
2026-05-17 04:20:00,4929.787,4928.742,4936.057000000001,SL,-150.0
2026-05-17 06:45:00,4926.244,4924.464,4936.923999999998,SL,-175.0
2026-05-17 08:20:00,4937.288,4940.361,4918.849999999998,SL,-200.0
2026-05-17 10:45:00,4943.077,4944.111000000001,4936.872999999997,SL,-225.0
2026-05-17 12:45:00,4955.46,4957.2255000000005,4944.8669999999975,SL,-250.0
2026-05-17 13:00:00,4949.67,4941.713,4997.412000000002,SL,-275.0
2026-05-17 13:55:00,4954.381,4951.486000000001,4971.7509999999975,SL,-300.0
2026-05-17 15:30:00,4967.219,4969.574500000001,4953.085999999997,SL,-325.0
2026-05-17 17:25:00,4953.674,4951.8125,4964.843,SL,-350.0
2026-05-17 18:40:00,4970.991,4973.832,4953.944999999998,SL,-375.0
2026-05-17 19:40:00,4976.947,4979.374,4962.385000000002,TP,-250.0
2026-05-17 20:50:00,4962.398,4956.993,4994.827999999999,SL,-275.0
2026-05-17 23:55:00,4982.644,4987.833500000001,4951.506999999998,SL,-300.0
2026-05-18 00:35:00,4971.318,4970.3855,4976.913,SL,-325.0
2026-05-18 03:20:00,4956.385,4952.5005,4979.692000000001,SL,-350.0
2026-05-18 06:05:00,4951.391,4946.4325,4981.141999999998,SL,-375.0
2026-05-18 07:30:00,4955.513,4954.79,4959.851,SL,-400.0
2026-05-18 08:25:00,4951.93,4950.2115,4962.241,SL,-425.0
2026-05-18 09:45:00,4966.187,4969.697,4945.126999999999,SL,-450.0
2026-05-18 12:00:00,4963.546,4960.227000000001,4983.459999999997,SL,-475.0
2026-05-18 13:55:00,4954.646,4953.1285,4963.750999999999,SL,-500.0
2026-05-18 16:15:00,4976.986,4980.17,4957.881999999999,SL,-525.0
2026-05-18 18:00:00,4972.367,4974.76,4958.009,SL,-550.0
2026-05-18 18:45:00,4963.461,4961.182500000001,4977.131999999997,SL,-575.0
2026-05-18 19:15:00,4962.739,4960.0455,4978.899999999996,SL,-600.0
2026-05-18 20:15:00,4973.589,4976.6435,4955.261999999999,SL,-625.0
2026-05-18 21:10:00,4967.993,4964.4705,4989.128000000001,SL,-650.0
2026-05-18 21:55:00,4977.827,4978.5515000000005,4973.479999999999,SL,-675.0
2026-05-18 22:40:00,4982.702,4984.3995,4972.516999999999,TP,-550.0
2026-05-18 23:55:00,4975.122,4974.2385,4980.423,SL,-575.0
2026-05-19 00:30:00,4983.63,4986.5365,4966.191,SL,-600.0
2026-05-19 01:00:00,4968.095,4963.841,4993.619,SL,-625.0
2026-05-19 03:40:00,4991.481,4994.3975,4973.981999999998,SL,-650.0
2026-05-19 05:20:00,5000.221,5001.535,4992.336999999998,SL,-675.0
2026-05-19 06:15:00,4997.235,5001.476999999999,4971.783000000004,TP,-550.0
2026-05-19 08:45:00,4980.294,4977.545,4996.787999999999,SL,-575.0
2026-05-19 09:55:00,4981.979,4978.295,5004.083000000001,SL,-600.0
2026-05-19 11:55:00,4977.652,4976.9205,4982.040999999999,SL,-625.0
2026-05-19 13:10:00,4972.737,4970.876,4983.902999999999,SL,-650.0
2026-05-19 14:10:00,4968.9,4966.477499999999,4983.435000000003,SL,-675.0
2026-05-19 16:55:00,4965.642,4965.095499999999,4968.921000000002,SL,-700.0
2026-05-19 18:45:00,4957.91,4956.02,4969.249999999996,SL,-725.0
2026-05-19 22:45:00,4943.354,4947.6765000000005,4917.418999999999,SL,-750.0
2026-05-19 23:50:00,4939.903,4944.1935,4914.16,SL,-775.0
2026-05-20 00:20:00,4935.391,4932.825999999999,4950.781000000003,SL,-800.0
2026-05-20 00:35:00,4939.578,4941.834000000001,4926.041999999999,SL,-825.0
2026-05-20 02:05:00,4924.451,4922.8965,4933.778000000001,SL,-850.0
2026-05-20 03:40:00,4933.63,4935.360000000001,4923.249999999997,TP,-725.0
2026-05-20 04:35:00,4922.91,4920.6285,4936.599,SL,-750.0
2026-05-20 09:15:00,4943.645,4945.827,4930.553000000002,SL,-775.0
2026-05-20 10:05:00,4935.589,4934.8279999999995,4940.1550000000025,SL,-800.0
2026-05-20 12:15:00,4928.425,4926.290000000001,4941.234999999996,SL,-825.0
2026-05-20 12:45:00,4936.575,4938.022,4927.892999999999,SL,-850.0
2026-05-20 13:05:00,4929.974,4925.899,4954.423999999999,SL,-875.0
2026-05-20 15:00:00,4926.926,4924.040000000001,4944.2419999999975,SL,-900.0
2026-05-20 18:10:00,4942.962,4947.042,4918.482000000001,SL,-925.0
2026-05-20 18:30:00,4936.296,4934.4895,4947.135000000004,SL,-950.0
2026-05-20 20:15:00,4942.72,4945.557500000001,4925.694999999997,SL,-975.0
2026-05-20 20:50:00,4943.151,4944.907999999999,4932.609000000002,SL,-1000.0
2026-05-20 21:50:00,4937.239,4935.477,4947.810999999998,SL,-1025.0
2026-05-20 22:50:00,4944.211,4945.0830000000005,4938.978999999998,TP,-900.0
2026-05-20 23:35:00,4936.051,4933.437,4951.735000000003,SL,-925.0
2026-05-21 02:20:00,4936.407,4936.3595000000005,4936.691999999998,SL,-950.0
2026-05-21 04:05:00,4956.616,4959.352,4940.200000000001,SL,-975.0
2026-05-21 08:40:00,4960.629,4962.610000000001,4948.742999999996,TP,-850.0
2026-05-21 10:20:00,4948.358,4944.896000000001,4969.129999999997,SL,-875.0
2026-05-21 11:40:00,4947.797,4950.352999999999,4932.461000000002,SL,-900.0
2026-05-21 12:50:00,4940.479,4938.2035000000005,4954.131999999999,SL,-925.0
2026-05-21 15:30:00,4933.588,4930.753000000001,4950.5979999999945,SL,-950.0
2026-05-21 17:25:00,4948.356,4942.733,4982.093999999997,SL,-975.0
2026-05-21 17:50:00,4952.215,4953.7735,4942.864,SL,-1000.0
2026-05-21 18:35:00,4945.147,4943.2175,4956.724000000001,SL,-1025.0
2026-05-21 19:25:00,4945.466,4942.5765,4962.803000000002,SL,-1050.0
2026-05-21 21:15:00,4961.654,4964.384,4945.274000000003,SL,-1075.0
2026-05-21 22:25:00,4953.807,4951.5085,4967.597999999999,SL,-1100.0
2026-05-21 23:00:00,4960.011,4961.636,4950.261,SL,-1125.0
2026-05-22 02:00:00,4964.232,4965.383,4957.326000000001,SL,-1150.0
2026-05-22 04:20:00,4971.693,4976.013000000001,4945.7729999999965,SL,-1175.0
2026-05-22 06:00:00,4958.669,4950.6185,5006.972000000002,SL,-1200.0
2026-05-22 07:05:00,4959.474,4956.459000000001,4977.563999999997,SL,-1225.0
2026-05-22 07:20:00,4966.377,4968.9895,4950.702000000005,SL,-1250.0
2026-05-22 08:10:00,4956.272,4952.8205,4976.981000000001,SL,-1275.0
2026-05-22 10:25:00,4964.961,4962.1805,4981.643999999999,SL,-1300.0
2026-05-22 10:40:00,4970.568,4971.4884999999995,4965.045000000005,SL,-1325.0
2026-05-22 11:40:00,4974.885,4977.029500000001,4962.017999999998,SL,-1350.0
2026-05-22 12:45:00,4975.031,4977.992,4957.2649999999985,SL,-1375.0
2026-05-22 13:40:00,4967.933,4964.898999999999,4986.137000000003,SL,-1400.0
2026-05-22 14:35:00,4978.054,4981.603,4956.76,SL,-1425.0
2026-05-22 15:20:00,4977.895,4980.5245,4962.118,TP,-1300.0
2026-05-22 17:15:00,4957.431,4955.146499999999,4971.138000000004,SL,-1325.0
2026-05-22 17:50:00,4958.914,4955.822999999999,4977.460000000002,SL,-1350.0
2026-05-22 18:40:00,4968.157,4970.5065,4954.059999999999,SL,-1375.0
2026-05-22 19:50:00,4969.68,4970.802,4962.948000000004,SL,-1400.0
2026-05-22 20:15:00,4964.821,4964.4605,4966.983999999999,SL,-1425.0
2026-05-22 20:40:00,4972.778,4975.2075,4958.200999999999,SL,-1450.0
2026-05-22 22:10:00,4961.559,4958.4555,4980.180000000001,SL,-1475.0
2026-05-22 23:10:00,4959.429,4955.898,4980.615,SL,-1500.0
2026-05-23 01:05:00,4971.98,4973.028499999999,4965.689,SL,-1525.0
2026-05-23 04:00:00,4965.045,4961.843500000001,4984.253999999995,SL,-1550.0
2026-05-23 06:45:00,4984.048,4986.3575,4970.190999999998,SL,-1575.0
2026-05-23 09:55:00,4989.443,4992.4485,4971.409999999999,SL,-1600.0
2026-05-23 10:45:00,4992.446,4994.698,4978.9339999999975,SL,-1625.0
2026-05-23 11:05:00,4981.722,4977.9685,5004.242999999999,SL,-1650.0
2026-05-23 13:20:00,4986.861,4985.8150000000005,4993.136999999996,SL,-1675.0
2026-05-23 14:40:00,4997.185,4999.8845,4980.988000000002,SL,-1700.0
2026-05-23 14:55:00,4990.134,4987.4505,5006.235000000001,SL,-1725.0
2026-05-23 17:15:00,4994.213,4992.3814999999995,5005.202000000001,SL,-1750.0
2026-05-23 18:30:00,5000.354,5002.52,4987.357999999999,TP,-1625.0
2026-05-23 18:55:00,4991.953,4989.506,5006.635000000001,SL,-1650.0
2026-05-23 20:15:00,4986.025,4983.865,4998.984999999999,SL,-1675.0
2026-05-23 23:55:00,4998.68,5000.7825,4986.0650000000005,SL,-1700.0
2026-05-24 03:10:00,5000.388,4998.4985,5011.725000000001,SL,-1725.0
2026-05-24 04:50:00,5007.681,5005.467,5020.964999999999,SL,-1750.0
2026-05-24 05:45:00,5007.816,5004.956999999999,5024.970000000002,SL,-1775.0
2026-05-24 06:15:00,5007.042,5005.4345,5016.687000000001,SL,-1800.0
2026-05-24 09:20:00,4998.386,4995.5535,5015.381000000003,SL,-1825.0
2026-05-24 10:50:00,5000.747,4998.192000000001,5016.076999999997,SL,-1850.0
2026-05-24 11:30:00,5006.207,5007.5815,4997.960000000001,TP,-1725.0
2026-05-24 11:55:00,4998.771,4996.040999999999,5015.151000000003,SL,-1750.0
2026-05-24 14:20:00,4986.797,4982.6675,5011.574,SL,-1775.0
2026-05-24 15:45:00,4968.931,4968.098999999999,4973.923000000002,SL,-1800.0
2026-05-24 16:30:00,4971.072,4967.7435000000005,4991.042999999998,SL,-1825.0
2026-05-24 17:35:00,4964.336,4962.078,4977.883999999999,SL,-1850.0
2026-05-24 19:40:00,4956.512,4952.582,4980.091999999996,SL,-1875.0
2026-05-24 21:50:00,4948.748,4946.004999999999,4965.206000000002,SL,-1900.0
2026-05-25 00:00:00,4938.471,4934.0779999999995,4964.829,SL,-1925.0
2026-05-25 00:50:00,4942.458,4938.156999999999,4968.264000000002,SL,-1950.0
2026-05-25 02:20:00,4954.421,4956.728500000001,4940.5759999999955,SL,-1975.0
2026-05-25 04:05:00,4942.842,4940.7975,4955.1089999999995,SL,-2000.0
2026-05-25 05:50:00,4951.202,4953.4155,4937.921000000001,SL,-2025.0
2026-05-25 06:15:00,4944.672,4942.610999999999,4957.038000000003,SL,-2050.0
2026-05-25 08:40:00,4958.247,4961.2485,4940.238000000004,SL,-2075.0
2026-05-25 10:00:00,4943.309,4939.532,4965.9710000000005,SL,-2100.0
2026-05-25 12:50:00,4962.071,4959.0244999999995,4980.350000000002,SL,-2125.0
2026-05-25 14:30:00,4973.686,4975.9385,4960.170999999997,TP,-2000.0
2026-05-25 17:10:00,4971.738,4974.412,4955.694,SL,-2025.0
2026-05-25 18:10:00,4957.345,4955.5830000000005,4967.916999999999,SL,-2050.0
2026-05-25 19:00:00,4961.211,4957.7055,4982.2440000000015,SL,-2075.0
2026-05-25 20:50:00,4974.52,4976.092500000001,4965.084999999999,SL,-2100.0
2026-05-25 21:45:00,4978.155,4980.065500000001,4966.691999999995,TP,-1975.0
2026-05-25 22:30:00,4966.163,4962.4349999999995,4988.531,SL,-2000.0
