Occurrence,Entry,Stop_Loss,Take_Profit,Result,Balance
2026-03-30 02:15:00,742.03,740.4,750.18,SL,975.0
2026-03-30 03:30:00,727.44,723.075,749.2650000000001,SL,950.0
2026-03-30 04:20:00,725.31,720.7249999999999,748.2350000000001,SL,925.0
2026-03-30 05:20:00,736.68,738.505,727.5549999999997,TP,1050.0
2026-03-30 07:35:00,717.17,709.595,755.0449999999996,SL,1025.0
2026-03-30 08:10:00,716.33,714.08,727.58,SL,1000.0
2026-03-30 08:35:00,725.28,727.9499999999999,711.9300000000002,TP,1125.0
2026-03-30 09:40:00,723.68,727.43,704.93,SL,1100.0
2026-03-30 10:55:00,708.11,705.1600000000001,722.8599999999997,SL,1075.0
2026-03-30 12:35:00,701.41,699.4200000000001,711.3599999999994,SL,1050.0
2026-03-30 17:45:00,692.16,688.3,711.46,TP,1175.0
2026-03-30 18:40:00,716.6,726.585,666.675,SL,1150.0
2026-03-30 21:05:00,729.15,734.13,704.2499999999999,SL,1125.0
2026-03-30 22:00:00,725.44,729.78,703.7400000000005,TP,1250.0
2026-03-30 23:20:00,708.47,705.985,720.8950000000001,SL,1225.0
2026-03-31 00:45:00,692.89,689.38,710.4399999999999,SL,1200.0
2026-03-31 02:40:00,683.98,681.02,698.7800000000002,SL,1175.0
2026-03-31 03:55:00,676.6,671.905,700.0750000000003,SL,1150.0
2026-03-31 05:45:00,694.88,698.9449999999999,674.5550000000003,TP,1275.0
2026-03-31 06:40:00,695.21,697.98,681.3600000000001,TP,1400.0
2026-03-31 09:40:00,664.53,667.4649999999999,649.8550000000002,TP,1525.0
2026-03-31 12:25:00,650.14,647.355,664.0649999999998,SL,1500.0
2026-03-31 14:35:00,631.65,628.385,647.9749999999999,SL,1475.0
2026-03-31 15:25:00,628.4,623.43,653.2500000000001,SL,1450.0
2026-03-31 16:45:00,626.77,623.5699999999999,642.7700000000002,SL,1425.0
2026-03-31 17:05:00,636.15,640.165,616.075,SL,1400.0
2026-03-31 21:40:00,627.3,625.425,636.675,SL,1375.0
2026-03-31 23:10:00,623.67,619.1199999999999,646.4200000000003,TP,1500.0
2026-04-01 01:40:00,650.69,652.1100000000001,643.5899999999997,TP,1625.0
2026-04-01 04:00:00,637.7,634.075,655.825,SL,1600.0
2026-04-01 05:10:00,654.23,657.435,638.2050000000004,SL,1575.0
2026-04-01 06:15:00,657.4,659.985,644.4749999999998,SL,1550.0
2026-04-01 08:30:00,659.46,666.0550000000001,626.4849999999999,SL,1525.0
2026-04-01 09:15:00,661.49,664.6,645.9399999999999,SL,1500.0
2026-04-01 11:35:00,654.18,651.035,669.9049999999999,SL,1475.0
2026-04-01 13:05:00,647.37,641.98,674.3199999999999,SL,1450.0
2026-04-01 14:05:00,658.27,659.905,650.095,SL,1425.0
2026-04-01 18:30:00,636.3,639.3299999999999,621.1500000000001,SL,1400.0
2026-04-01 19:10:00,625.9,622.5350000000001,642.7249999999995,SL,1375.0
2026-04-01 21:10:00,633.7,629.69,653.75,SL,1350.0
2026-04-01 23:10:00,620.44,616.075,642.2650000000001,SL,1325.0
2026-04-02 00:50:00,631.28,635.26,611.3799999999999,SL,1300.0
2026-04-02 02:30:00,618.85,621.315,606.5249999999999,TP,1425.0
2026-04-02 03:10:00,609.52,606.685,623.6950000000002,SL,1400.0
2026-04-02 05:15:00,607.91,605.035,622.285,SL,1375.0
2026-04-02 07:30:00,616.85,620.725,597.475,SL,1350.0
2026-04-02 08:30:00,603.19,598.345,627.4150000000002,TP,1475.0
2026-04-02 09:25:00,615.4,622.23,581.2499999999998,SL,1450.0
2026-04-02 10:00:00,606.34,600.2350000000001,636.8649999999996,TP,1575.0
2026-04-02 12:40:00,620.35,623.715,603.525,SL,1550.0
2026-04-02 13:30:00,614.74,611.1949999999999,632.4650000000004,SL,1525.0
2026-04-02 13:55:00,622.37,625.175,608.3450000000003,SL,1500.0
2026-04-02 14:25:00,619.95,623.6400000000001,601.4999999999998,SL,1475.0
2026-04-02 15:05:00,613.46,610.98,625.8600000000001,SL,1450.0
2026-04-02 16:15:00,623.72,625.615,614.2450000000001,SL,1425.0
2026-04-02 17:10:00,623.72,628.8050000000001,598.2949999999998,SL,1400.0
2026-04-02 17:30:00,617.67,612.5849999999999,643.0950000000001,TP,1525.0
2026-04-02 18:00:00,622.41,625.435,607.2850000000001,SL,1500.0
2026-04-02 18:50:00,614.24,611.87,626.09,TP,1625.0
2026-04-02 20:05:00,627.32,631.405,606.8950000000004,SL,1600.0
2026-04-02 20:40:00,630.92,632.515,622.9449999999998,TP,1725.0
2026-04-02 21:35:00,622.68,620.55,633.3299999999999,SL,1700.0
2026-04-03 00:55:00,647.2,650.0150000000001,633.1249999999998,SL,1675.0
2026-04-03 02:20:00,645.52,650.9,618.62,SL,1650.0
2026-04-03 03:25:00,641.48,636.94,664.1799999999998,SL,1625.0
2026-04-03 03:55:00,650.11,652.13,640.0100000000001,TP,1750.0
2026-04-03 04:55:00,651.3,654.785,633.8749999999999,TP,1875.0
2026-04-03 10:05:00,612.2,609.115,627.6250000000002,TP,2000.0
2026-04-03 13:30:00,611.34,609.345,621.315,TP,2125.0
2026-04-03 14:25:00,609.59,605.9000000000001,628.0399999999997,SL,2100.0
2026-04-03 15:20:00,622.09,626.655,599.2650000000003,SL,2075.0
2026-04-03 17:15:00,632.7,636.5550000000001,613.425,TP,2200.0
2026-04-03 19:35:00,627.2,633.5400000000001,595.4999999999999,SL,2175.0
2026-04-03 20:00:00,620.17,616.5799999999999,638.1200000000001,SL,2150.0
2026-04-03 20:40:00,630.38,633.895,612.8050000000001,TP,2275.0
2026-04-03 23:50:00,603.68,600.65,618.8299999999998,TP,2400.0
2026-04-04 01:10:00,622.03,628.815,588.1049999999996,SL,2375.0
2026-04-04 02:40:00,627.92,631.0149999999999,612.4450000000004,SL,2350.0
2026-04-04 03:40:00,630.98,634.475,613.505,SL,2325.0
2026-04-04 05:45:00,636.21,639.445,620.035,SL,2300.0
2026-04-04 07:35:00,635.96,630.5150000000001,663.1849999999997,SL,2275.0
2026-04-04 08:55:00,637.85,632.145,666.3750000000002,SL,2250.0
2026-04-04 09:45:00,651.57,656.33,627.7700000000001,SL,2225.0
2026-04-04 15:50:00,653.79,660.4849999999999,620.3150000000003,SL,2200.0
2026-04-04 17:55:00,655.01,649.97,680.2099999999998,SL,2175.0
2026-04-04 18:45:00,655.58,650.985,678.5550000000002,SL,2150.0
2026-04-04 20:00:00,677.99,682.3,656.4400000000003,SL,2125.0
2026-04-04 21:05:00,676.01,679.275,659.6850000000001,TP,2250.0
2026-04-04 22:25:00,665.23,662.955,676.6049999999999,TP,2375.0
2026-04-05 00:30:00,656.65,650.88,685.4999999999999,TP,2500.0
2026-04-05 02:30:00,684.36,690.095,655.685,SL,2475.0
2026-04-05 03:40:00,690.62,693.5450000000001,675.9949999999997,SL,2450.0
2026-04-05 04:15:00,690.98,696.225,664.755,SL,2425.0
2026-04-05 05:15:00,701.61,704.59,686.7099999999999,TP,2550.0
2026-04-05 08:25:00,661.88,659.345,674.5549999999998,TP,2675.0
2026-04-05 09:25:00,670.99,674.9100000000001,651.3899999999996,SL,2650.0
2026-04-05 10:50:00,675.71,678.26,662.9600000000003,TP,2775.0
2026-04-05 17:05:00,624.28,622.22,634.5799999999997,SL,2750.0
2026-04-05 20:55:00,619.4,614.66,643.1,SL,2725.0
2026-04-06 03:15:00,615.44,617.5350000000001,604.9649999999999,SL,2700.0
2026-04-06 04:00:00,608.42,606.155,619.7449999999999,TP,2825.0
2026-04-06 07:15:00,620.27,616.04,641.4200000000001,SL,2800.0
2026-04-06 08:45:00,635.15,639.9649999999999,611.0750000000003,SL,2775.0
2026-04-06 10:05:00,639.29,641.915,626.165,SL,2750.0
2026-04-06 10:20:00,632.6,630.53,642.9500000000003,SL,2725.0
2026-04-06 10:55:00,645.66,649.0049999999999,628.9350000000004,TP,2850.0
2026-04-06 12:20:00,628.8,624.535,650.1249999999999,TP,2975.0
2026-04-06 13:30:00,637.68,642.49,613.6299999999997,SL,2950.0
2026-04-06 16:15:00,660.27,663.0049999999999,646.5950000000005,SL,2925.0
2026-04-06 18:30:00,659.4,668.64,613.1999999999999,SL,2900.0
2026-04-06 19:40:00,660.59,665.095,638.065,SL,2875.0
2026-04-06 20:55:00,658.86,662.0450000000001,642.9349999999997,SL,2850.0
2026-04-06 21:35:00,651.48,649.1600000000001,663.0799999999997,SL,2825.0
2026-04-06 22:10:00,662.44,666.1300000000001,643.9899999999998,SL,2800.0
2026-04-06 23:35:00,665.23,668.115,650.8050000000001,SL,2775.0
2026-04-07 00:15:00,666.66,669.2049999999999,653.9350000000002,SL,2750.0
2026-04-07 02:50:00,644.68,643.0999999999999,652.5800000000002,TP,2875.0
2026-04-07 05:05:00,655.59,658.5450000000001,640.8149999999998,SL,2850.0
2026-04-07 07:15:00,657.63,660.3,644.2800000000002,SL,2825.0
2026-04-07 08:15:00,663.96,666.7750000000001,649.8849999999998,TP,2950.0
2026-04-07 11:40:00,650.45,653.635,634.5250000000003,SL,2925.0
2026-04-07 12:25:00,642.28,639.295,657.205,SL,2900.0
2026-04-07 13:20:00,640.43,637.2749999999999,656.2050000000004,TP,3025.0
2026-04-07 14:25:00,652.23,656.3100000000001,631.8299999999998,SL,3000.0
2026-04-07 15:50:00,642.46,638.0050000000001,664.7349999999997,TP,3125.0
2026-04-07 16:35:00,661.65,664.16,649.1,SL,3100.0
2026-04-07 18:25:00,646.01,641.915,666.4850000000001,TP,3225.0
2026-04-07 19:35:00,664.13,667.855,645.5049999999999,SL,3200.0
2026-04-07 21:50:00,660.77,666.21,633.5699999999997,SL,3175.0
2026-04-07 22:10:00,655.45,651.69,674.25,SL,3150.0
2026-04-07 23:10:00,661.8,664.4599999999999,648.5000000000001,SL,3125.0
2026-04-08 00:45:00,646.91,644.395,659.4849999999999,TP,3250.0
2026-04-08 03:20:00,665.98,669.27,649.5300000000002,SL,3225.0
2026-04-08 04:55:00,672.34,675.2450000000001,657.8149999999996,SL,3200.0
2026-04-08 06:25:00,676.84,681.565,653.2149999999999,TP,3325.0
2026-04-08 10:25:00,654.3,651.3799999999999,668.9000000000003,SL,3300.0
2026-04-08 11:05:00,669.55,675.1949999999999,641.325,SL,3275.0
2026-04-08 12:05:00,669.08,673.33,647.83,SL,3250.0
2026-04-08 12:15:00,662.93,658.915,683.0049999999999,SL,3225.0
2026-04-08 12:35:00,667.85,670.9250000000001,652.4749999999998,TP,3350.0
2026-04-08 13:30:00,654.91,652.4499999999999,667.2100000000002,SL,3325.0
2026-04-08 20:50:00,661.11,668.53,624.0100000000002,TP,3450.0
2026-04-08 22:40:00,648.72,646.825,658.1949999999999,SL,3425.0
2026-04-08 23:50:00,659.56,663.1199999999999,641.7600000000002,TP,3550.0
2026-04-09 00:20:00,651.15,647.655,668.625,SL,3525.0
2026-04-09 02:00:00,636.13,633.7,648.2799999999997,SL,3500.0
2026-04-09 03:40:00,652.51,657.185,629.1350000000002,TP,3625.0
2026-04-09 06:55:00,627.85,630.115,616.5250000000001,TP,3750.0
2026-04-09 08:05:00,615.53,611.7449999999999,634.4550000000004,TP,3875.0
2026-04-09 09:30:00,632.22,634.385,621.3950000000002,SL,3850.0
2026-04-09 11:10:00,644.59,648.2550000000001,626.2649999999996,SL,3825.0
2026-04-09 12:55:00,645.41,650.98,617.5599999999997,SL,3800.0
2026-04-09 13:55:00,652.1,654.29,641.1500000000003,SL,3775.0
2026-04-09 15:10:00,661.69,664.085,649.7150000000001,SL,3750.0
2026-04-09 16:00:00,668.74,670.225,661.3149999999999,SL,3725.0
2026-04-09 17:55:00,649.0,646.51,661.45,SL,3700.0
2026-04-09 19:40:00,665.52,660.255,691.8449999999999,TP,3825.0
2026-04-09 21:55:00,689.07,691.6500000000001,676.1699999999998,SL,3800.0
2026-04-09 23:35:00,699.54,701.22,691.1399999999996,SL,3775.0
2026-04-10 02:15:00,713.32,716.1600000000001,699.1199999999999,TP,3900.0
2026-04-10 02:45:00,715.39,717.435,705.1650000000002,TP,4025.0
2026-04-10 05:40:00,699.66,696.25,716.7099999999998,SL,4000.0
2026-04-10 11:10:00,672.43,676.3,653.0799999999999,SL,3975.0
2026-04-10 11:55:00,662.11,659.5150000000001,675.0849999999996,TP,4100.0
2026-04-10 13:40:00,667.92,666.2849999999999,676.0950000000005,SL,4075.0
2026-04-10 14:00:00,680.5,683.1800000000001,667.0999999999997,SL,4050.0
2026-04-10 15:20:00,687.39,690.405,672.315,SL,4025.0
2026-04-10 19:25:00,700.52,703.7249999999999,684.4950000000003,TP,4150.0
2026-04-10 20:10:00,701.8,704.9749999999999,685.9250000000002,TP,4275.0
2026-04-10 20:45:00,690.92,687.105,709.9949999999997,SL,4250.0
2026-04-10 21:35:00,685.94,681.36,708.8400000000003,SL,4225.0
2026-04-10 23:05:00,677.63,674.095,695.3049999999998,SL,4200.0
2026-04-10 23:55:00,671.1,668.45,684.3499999999999,SL,4175.0
2026-04-11 01:20:00,663.83,660.325,681.355,TP,4300.0
2026-04-11 04:00:00,679.14,682.1949999999999,663.8650000000002,SL,4275.0
2026-04-11 04:45:00,680.7,682.925,669.5750000000005,SL,4250.0
2026-04-11 05:35:00,683.3,686.92,665.1999999999999,SL,4225.0
2026-04-11 06:30:00,685.11,689.26,664.3600000000001,SL,4200.0
2026-04-11 07:05:00,685.13,687.03,675.6300000000001,SL,4175.0
2026-04-11 07:25:00,681.24,679.3299999999999,690.7900000000004,TP,4300.0
2026-04-11 08:05:00,696.96,698.905,687.2350000000004,SL,4275.0
2026-04-11 09:40:00,680.46,678.0699999999999,692.4100000000005,TP,4400.0
2026-04-11 12:20:00,712.83,718.69,683.53,SL,4375.0
2026-04-11 13:35:00,715.52,718.47,700.7699999999998,SL,4350.0
2026-04-11 18:20:00,704.55,703.0449999999998,712.0750000000005,SL,4325.0
2026-04-11 19:45:00,701.59,698.2850000000001,718.1149999999998,TP,4450.0
2026-04-11 21:05:00,716.98,721.765,693.0550000000002,SL,4425.0
2026-04-11 22:30:00,719.47,723.605,698.7950000000001,SL,4400.0
2026-04-11 23:40:00,703.5,700.51,718.45,TP,4525.0
2026-04-12 00:10:00,711.02,715.435,688.9450000000002,SL,4500.0
2026-04-12 01:45:00,720.37,722.73,708.5699999999999,SL,4475.0
2026-04-12 03:35:00,729.08,732.29,713.0300000000004,SL,4450.0
2026-04-12 05:05:00,734.82,737.97,719.0700000000002,SL,4425.0
2026-04-12 08:10:00,756.75,763.95,720.7499999999998,SL,4400.0
2026-04-12 10:10:00,759.1,760.49,752.1500000000001,TP,4525.0
2026-04-12 11:05:00,760.21,763.0350000000001,746.0849999999998,SL,4500.0
2026-04-12 13:55:00,756.64,759.12,744.2399999999999,SL,4475.0
2026-04-12 16:50:00,770.25,771.78,762.6000000000001,SL,4450.0
2026-04-12 17:25:00,766.49,772.0699999999999,738.5900000000004,SL,4425.0
2026-04-12 18:00:00,769.09,772.79,750.5900000000004,SL,4400.0
2026-04-12 19:50:00,771.73,776.23,749.23,SL,4375.0
2026-04-12 21:00:00,773.99,775.96,764.1399999999999,TP,4500.0
2026-04-12 22:05:00,760.16,756.405,778.935,SL,4475.0
2026-04-12 23:30:00,782.19,784.1850000000001,772.215,SL,4450.0
2026-04-13 00:20:00,779.97,784.47,757.47,SL,4425.0
2026-04-13 00:55:00,773.41,770.02,790.3599999999999,SL,4400.0
2026-04-13 01:45:00,786.91,790.19,770.5099999999995,TP,4525.0
2026-04-13 03:10:00,770.92,765.875,796.1449999999998,SL,4500.0
2026-04-13 04:10:00,779.84,782.7900000000001,765.0899999999998,TP,4625.0
2026-04-13 05:00:00,766.32,761.86,788.6200000000002,SL,4600.0
2026-04-13 06:05:00,755.54,753.085,767.8149999999996,TP,4725.0
2026-04-13 08:10:00,770.66,773.7049999999999,755.4350000000002,TP,4850.0
2026-04-13 08:45:00,770.1,773.325,753.9749999999999,SL,4825.0
2026-04-13 09:30:00,758.33,755.385,773.0550000000003,SL,4800.0
2026-04-13 11:05:00,745.62,741.48,766.3199999999999,SL,4775.0
2026-04-13 12:40:00,771.41,776.3199999999999,746.8600000000001,TP,4900.0
2026-04-13 13:20:00,770.32,775.1800000000001,746.02,SL,4875.0
2026-04-13 14:45:00,756.62,752.3050000000001,778.1949999999997,SL,4850.0
2026-04-13 16:25:00,749.33,745.475,768.6050000000001,SL,4825.0
2026-04-13 18:40:00,764.97,769.665,741.4950000000003,SL,4800.0
2026-04-13 20:00:00,775.2,781.1600000000001,745.3999999999999,SL,4775.0
2026-04-13 23:20:00,804.53,807.765,788.3549999999999,SL,4750.0
2026-04-14 00:55:00,776.47,769.5350000000001,811.1449999999998,SL,4725.0
2026-04-14 01:15:00,793.01,800.105,757.5349999999999,SL,4700.0
2026-04-14 02:05:00,791.55,795.535,771.6249999999999,SL,4675.0
2026-04-14 03:50:00,797.31,802.5699999999999,771.01,SL,4650.0
2026-04-14 05:30:00,800.4,808.155,761.625,SL,4625.0
2026-04-14 06:20:00,801.04,805.3699999999999,779.3900000000003,SL,4600.0
2026-04-14 07:15:00,789.27,784.62,812.5199999999999,SL,4575.0
2026-04-14 08:05:00,809.11,814.995,779.6850000000001,SL,4550.0
2026-04-14 09:15:00,811.3,815.98,787.8999999999996,SL,4525.0
2026-04-14 10:30:00,812.85,807.5,839.6000000000001,SL,4500.0
2026-04-14 12:25:00,800.05,795.685,821.875,SL,4475.0
2026-04-14 15:25:00,787.21,785.1949999999999,797.2850000000005,SL,4450.0
2026-04-14 16:55:00,779.77,774.5550000000001,805.8449999999996,SL,4425.0
2026-04-14 19:35:00,774.93,777.76,760.7799999999997,SL,4400.0
2026-04-14 20:45:00,748.64,745.015,766.765,TP,4525.0
2026-04-14 22:25:00,764.02,766.145,753.395,TP,4650.0
2026-04-14 23:10:00,749.76,747.085,763.1349999999998,SL,4625.0
2026-04-15 00:30:00,776.75,783.88,741.1,SL,4600.0
2026-04-15 01:45:00,785.64,792.075,753.4649999999997,SL,4575.0
2026-04-15 03:55:00,778.09,784.0050000000001,748.5149999999996,SL,4550.0
2026-04-15 05:20:00,752.39,748.5899999999999,771.3900000000003,SL,4525.0
2026-04-15 06:40:00,776.24,778.4300000000001,765.2899999999997,SL,4500.0
2026-04-15 08:05:00,784.31,789.3699999999999,759.0100000000002,SL,4475.0
2026-04-15 12:25:00,801.76,804.565,787.7349999999997,SL,4450.0
2026-04-15 13:25:00,803.1,806.915,784.0250000000003,SL,4425.0
2026-04-15 18:30:00,809.26,810.76,801.76,SL,4400.0
2026-04-15 22:55:00,777.26,780.3499999999999,761.8100000000004,SL,4375.0
2026-04-16 00:10:00,777.93,783.0149999999999,752.5050000000003,SL,4350.0
2026-04-16 01:30:00,787.65,792.4749999999999,763.5250000000003,SL,4325.0
2026-04-16 03:10:00,793.05,799.03,763.1499999999999,SL,4300.0
2026-04-16 08:50:00,814.45,826.825,752.575,TP,4425.0
2026-04-16 13:30:00,783.5,781.44,793.7999999999997,SL,4400.0
2026-04-16 16:45:00,811.04,817.375,779.3649999999998,TP,4525.0
2026-04-16 17:35:00,800.01,796.935,815.3850000000002,SL,4500.0
2026-04-16 18:25:00,813.41,818.925,785.835,TP,4625.0
2026-04-16 19:00:00,812.74,816.2049999999999,795.4150000000004,TP,4750.0
2026-04-16 19:20:00,803.57,800.44,819.22,SL,4725.0
2026-04-16 19:40:00,815.21,819.7950000000001,792.2849999999999,Pending,4725.0
2026-04-16 21:25:00,794.51,793.0899999999999,801.6100000000004,TP,4850.0
2026-04-17 00:30:00,779.86,774.94,804.4599999999998,SL,4825.0
2026-04-17 02:20:00,772.98,770.175,787.0050000000003,SL,4800.0
2026-04-17 03:20:00,786.27,788.295,776.1450000000001,TP,4925.0
2026-04-17 04:30:00,772.88,768.26,795.98,SL,4900.0
2026-04-17 06:10:00,769.4,765.6299999999999,788.2500000000005,TP,5025.0
2026-04-17 08:40:00,790.91,794.45,773.2099999999996,SL,5000.0
2026-04-17 08:55:00,782.14,778.5799999999999,799.9400000000003,SL,4975.0
2026-04-17 10:05:00,794.75,799.135,772.825,TP,5100.0
2026-04-17 11:30:00,782.0,779.61,793.9499999999999,SL,5075.0
2026-04-17 12:05:00,792.24,795.985,773.515,TP,5200.0
2026-04-17 14:00:00,773.64,770.75,788.0899999999999,SL,5175.0
2026-04-17 14:55:00,766.26,764.005,777.535,TP,5300.0
2026-04-17 15:55:00,782.45,786.6850000000001,761.275,SL,5275.0
2026-04-17 18:55:00,776.25,779.875,758.125,SL,5250.0
2026-04-17 20:00:00,765.18,761.81,782.03,SL,5225.0
2026-04-17 21:25:00,789.97,792.72,776.22,TP,5350.0
2026-04-17 22:25:00,785.8,793.64,746.5999999999998,TP,5475.0
2026-04-17 22:55:00,774.73,768.975,803.505,SL,5450.0
2026-04-18 02:25:00,773.15,777.175,753.0250000000001,TP,5575.0
2026-04-18 06:00:00,755.79,752.25,773.4899999999998,SL,5550.0
2026-04-18 07:55:00,748.72,746.315,760.7449999999999,SL,5525.0
2026-04-18 08:45:00,744.59,741.2550000000001,761.2649999999996,SL,5500.0
2026-04-18 10:05:00,758.73,764.13,731.7300000000001,TP,5625.0
2026-04-18 17:25:00,727.18,723.375,746.2049999999997,SL,5600.0
2026-04-18 18:55:00,724.85,721.4850000000001,741.6749999999995,SL,5575.0
2026-04-18 20:00:00,735.89,739.855,716.0649999999998,SL,5550.0
2026-04-18 20:40:00,736.94,741.54,713.9400000000005,TP,5675.0
2026-04-18 23:45:00,734.86,739.495,711.6850000000001,SL,5650.0
2026-04-19 01:30:00,718.46,714.47,738.4100000000001,SL,5625.0
2026-04-19 02:00:00,730.76,735.435,707.3850000000002,SL,5600.0
2026-04-19 03:35:00,738.85,743.6800000000001,714.6999999999998,TP,5725.0
2026-04-19 04:30:00,738.62,743.685,713.2950000000003,TP,5850.0
2026-04-19 05:15:00,725.33,720.3800000000001,750.0799999999997,SL,5825.0
2026-04-19 06:30:00,741.08,747.725,707.8550000000001,TP,5950.0
2026-04-19 08:55:00,702.81,699.1949999999999,720.885,SL,5925.0
2026-04-19 09:55:00,716.15,721.975,687.0249999999997,TP,6050.0
2026-04-19 11:40:00,694.64,691.8499999999999,708.5900000000004,SL,6025.0
2026-04-19 12:25:00,688.33,684.1,709.4800000000001,SL,6000.0
2026-04-19 14:00:00,701.1,704.1500000000001,685.8499999999997,SL,5975.0
2026-04-19 15:25:00,683.1,680.105,698.075,SL,5950.0
2026-04-19 17:30:00,696.34,700.47,675.69,SL,5925.0
2026-04-19 20:00:00,719.76,723.61,700.5099999999999,TP,6050.0
2026-04-19 20:55:00,723.23,726.9000000000001,704.8799999999997,SL,6025.0
2026-04-19 22:35:00,702.88,698.2750000000001,725.9049999999995,TP,6150.0
2026-04-19 23:10:00,701.25,698.575,714.6249999999998,TP,6275.0
2026-04-19 23:45:00,714.22,717.71,696.77,SL,6250.0
2026-04-20 05:00:00,706.4,704.1099999999999,717.8500000000004,TP,6375.0
2026-04-20 07:15:00,725.11,728.1,710.16,SL,6350.0
2026-04-20 11:20:00,727.32,732.565,701.095,SL,6325.0
2026-04-20 12:45:00,725.31,723.395,734.8849999999998,TP,6450.0
2026-04-20 13:25:00,735.82,738.74,721.2200000000003,SL,6425.0
2026-04-20 14:55:00,747.74,751.04,731.2400000000002,SL,6400.0
2026-04-20 17:15:00,753.03,746.38,786.2799999999999,TP,6525.0
2026-04-20 17:40:00,761.6,765.605,741.575,SL,6500.0
2026-04-20 17:55:00,749.95,745.665,771.3750000000005,TP,6625.0
2026-04-20 18:50:00,766.82,772.645,737.6950000000004,SL,6600.0
2026-04-20 20:00:00,762.39,758.415,782.2650000000001,SL,6575.0
2026-04-20 21:20:00,754.15,748.255,783.6249999999999,TP,6700.0
2026-04-20 22:25:00,749.0,746.9300000000001,759.3499999999997,TP,6825.0
2026-04-21 01:55:00,772.1,779.145,736.8750000000002,SL,6800.0
2026-04-21 05:10:00,770.12,772.675,757.3450000000003,SL,6775.0
2026-04-21 05:45:00,772.74,775.465,759.1149999999999,SL,6750.0
2026-04-21 07:25:00,768.63,765.165,785.9550000000002,TP,6875.0
2026-04-21 08:55:00,787.67,793.1899999999999,760.07,TP,7000.0
2026-04-21 13:20:00,764.2,770.5050000000001,732.6749999999997,SL,6975.0
2026-04-21 14:50:00,776.15,778.62,763.7999999999998,SL,6950.0
2026-04-21 16:50:00,777.91,779.6899999999999,769.0100000000001,TP,7075.0
2026-04-21 19:40:00,769.96,768.4750000000001,777.3849999999995,SL,7050.0
2026-04-21 21:35:00,763.77,768.78,738.72,SL,7025.0
2026-04-21 23:40:00,737.79,734.8,752.74,SL,7000.0
2026-04-22 02:50:00,733.08,729.2650000000001,752.1549999999997,SL,6975.0
2026-04-22 04:05:00,722.81,719.67,738.5099999999999,SL,6950.0
2026-04-22 05:50:00,746.98,749.865,732.5550000000001,SL,6925.0
2026-04-22 07:35:00,772.12,776.3050000000001,751.1949999999997,SL,6900.0
2026-04-22 08:35:00,768.94,776.0150000000001,733.5649999999998,SL,6875.0
2026-04-22 09:20:00,758.92,753.435,786.345,SL,6850.0
2026-04-22 10:35:00,756.23,752.135,776.7050000000002,SL,6825.0
2026-04-22 11:30:00,752.15,748.175,772.0250000000001,TP,6950.0
2026-04-22 12:10:00,766.61,772.625,736.5350000000001,SL,6925.0
2026-04-22 15:20:00,773.04,768.7549999999999,794.4650000000004,SL,6900.0
2026-04-22 20:35:00,755.09,752.145,769.8150000000003,TP,7025.0
2026-04-22 21:30:00,765.72,770.75,740.5700000000002,SL,7000.0
2026-04-22 22:05:00,772.4,775.625,756.2749999999999,SL,6975.0
2026-04-23 01:55:00,758.2,762.0150000000001,739.1249999999998,SL,6950.0
2026-04-23 03:05:00,761.31,757.6599999999999,779.5600000000004,SL,6925.0
2026-04-23 04:00:00,751.08,747.29,770.0300000000004,SL,6900.0
2026-04-23 06:55:00,747.21,739.065,787.935,SL,6875.0
2026-04-23 08:00:00,745.79,741.92,765.14,SL,6850.0
2026-04-23 08:20:00,753.91,758.49,731.0099999999998,SL,6825.0
2026-04-23 08:45:00,738.65,734.5899999999999,758.9500000000003,SL,6800.0
2026-04-23 10:50:00,758.76,762.385,740.635,SL,6775.0
2026-04-23 13:10:00,768.26,770.935,754.8850000000002,SL,6750.0
2026-04-23 14:20:00,768.21,771.2750000000001,752.8849999999998,SL,6725.0
2026-04-23 16:30:00,787.39,790.09,773.8899999999998,SL,6700.0
2026-04-23 17:25:00,791.66,795.935,770.2850000000001,TP,6825.0
2026-04-23 20:55:00,762.39,755.25,798.0899999999999,SL,6800.0
2026-04-23 22:00:00,778.92,781.23,767.3699999999997,Pending,6800.0
2026-04-24 00:40:00,754.09,758.56,731.7400000000005,SL,6775.0
2026-04-24 01:55:00,752.54,758.025,725.1149999999999,SL,6750.0
2026-04-24 02:20:00,741.24,736.53,764.7900000000002,SL,6725.0
2026-04-24 02:50:00,754.94,760.59,726.6900000000002,SL,6700.0
2026-04-24 06:10:00,765.67,769.795,745.045,TP,6825.0
2026-04-24 07:35:00,764.12,771.4549999999999,727.4450000000004,TP,6950.0
2026-04-24 09:10:00,746.64,740.0799999999999,779.4400000000003,SL,6925.0
2026-04-24 09:45:00,742.02,736.355,770.3449999999998,SL,6900.0
2026-04-24 11:00:00,732.88,730.3299999999999,745.6300000000003,SL,6875.0
2026-04-24 12:25:00,723.79,719.3699999999999,745.8900000000003,SL,6850.0
2026-04-24 13:40:00,737.47,740.3399999999999,723.1200000000006,TP,6975.0
2026-04-24 15:30:00,716.11,713.4100000000001,729.6099999999997,SL,6950.0
2026-04-24 23:05:00,720.6,716.865,739.2750000000001,SL,6925.0
2026-04-24 23:55:00,714.16,711.615,726.8849999999998,SL,6900.0
2026-04-25 02:10:00,694.88,692.985,704.3549999999999,SL,6875.0
2026-04-25 04:15:00,685.0,680.44,707.7999999999997,SL,6850.0
2026-04-25 08:10:00,713.72,717.72,693.72,SL,6825.0
2026-04-25 09:05:00,702.6,698.6700000000001,722.2499999999998,SL,6800.0
2026-04-25 10:10:00,725.41,727.04,717.26,TP,6925.0
2026-04-25 11:10:00,725.19,728.6500000000001,707.8899999999999,SL,6900.0
2026-04-25 11:55:00,710.24,706.89,726.9900000000001,TP,7025.0
2026-04-25 12:25:00,707.8,705.095,721.3249999999996,SL,7000.0
2026-04-25 13:55:00,729.93,733.855,710.3049999999996,SL,6975.0
2026-04-25 15:50:00,729.76,738.8499999999999,684.3100000000004,SL,6950.0
2026-04-25 17:30:00,738.78,742.4749999999999,720.3050000000003,SL,6925.0
2026-04-25 20:55:00,739.2,744.7650000000001,711.3749999999998,SL,6900.0
2026-04-25 21:30:00,741.2,743.9300000000001,727.55,SL,6875.0
2026-04-25 22:10:00,742.02,744.215,731.0449999999997,SL,6850.0
2026-04-26 00:10:00,745.68,749.865,724.7549999999997,TP,6975.0
2026-04-26 00:45:00,745.66,749.535,726.285,TP,7100.0
2026-04-26 01:30:00,725.31,721.4449999999999,744.635,SL,7075.0
2026-04-26 03:25:00,739.86,745.5,711.6600000000001,Pending,7075.0
2026-04-26 04:35:00,713.24,705.94,749.7399999999998,SL,7050.0
2026-04-26 05:30:00,719.78,721.98,708.7799999999997,TP,7175.0
2026-04-26 07:40:00,698.47,695.77,711.9700000000003,SL,7150.0
2026-04-26 11:50:00,706.07,707.835,697.2450000000001,SL,7125.0
2026-04-26 12:40:00,696.21,694.075,706.885,SL,7100.0
2026-04-26 12:55:00,704.62,707.415,690.6450000000002,TP,7225.0
2026-04-26 14:25:00,686.86,683.605,703.135,SL,7200.0
2026-04-26 15:45:00,680.36,676.09,701.7099999999999,TP,7325.0
2026-04-26 18:50:00,688.75,686.0550000000001,702.2249999999997,SL,7300.0
2026-04-26 20:10:00,709.56,713.0749999999999,691.985,TP,7425.0
2026-04-26 22:35:00,689.9,688.405,697.375,TP,7550.0
2026-04-26 23:35:00,711.22,718.7750000000001,673.4449999999997,TP,7675.0
2026-04-27 02:05:00,686.97,680.75,718.0700000000002,SL,7650.0
2026-04-27 02:15:00,695.92,702.2549999999999,664.2450000000003,SL,7625.0
2026-04-27 04:10:00,690.92,688.6099999999999,702.4700000000003,SL,7600.0
2026-04-27 04:55:00,691.04,687.5699999999999,708.3900000000001,SL,7575.0
2026-04-27 06:25:00,687.5,684.015,704.9250000000001,SL,7550.0
2026-04-27 07:55:00,713.5,718.755,687.225,Pending,7550.0
2026-04-27 09:35:00,706.96,716.33,660.11,TP,7675.0
2026-04-27 10:40:00,692.34,686.24,722.8400000000001,SL,7650.0
2026-04-27 13:45:00,704.55,707.7199999999999,688.7000000000002,TP,7775.0
2026-04-27 19:15:00,684.94,682.6500000000001,696.3899999999999,SL,7750.0
2026-04-27 21:35:00,691.65,695.675,671.5250000000001,SL,7725.0
2026-04-27 23:00:00,698.92,703.7549999999999,674.7450000000003,SL,7700.0
2026-04-28 00:20:00,708.76,711.4449999999999,695.3350000000003,TP,7825.0
2026-04-28 02:30:00,700.21,703.5450000000001,683.5349999999999,SL,7800.0
2026-04-28 06:50:00,702.46,707.94,675.06,SL,7775.0
2026-04-28 08:00:00,696.04,704.335,654.5649999999996,SL,7750.0
2026-04-28 08:40:00,685.49,680.405,710.9150000000002,SL,7725.0
2026-04-28 11:35:00,706.93,710.5799999999999,688.6800000000001,TP,7850.0
2026-04-28 13:10:00,685.95,681.3800000000001,708.7999999999997,SL,7825.0
2026-04-28 19:25:00,671.17,668.6299999999999,683.8700000000003,TP,7950.0
2026-04-28 21:45:00,693.53,696.685,677.7550000000001,TP,8075.0
2026-04-29 04:35:00,642.73,639.015,661.3050000000002,SL,8050.0
2026-04-29 06:20:00,654.19,657.21,639.0900000000001,TP,8175.0
2026-04-29 06:55:00,645.55,643.29,656.8499999999999,SL,8150.0
2026-04-29 08:15:00,635.96,632.625,652.6350000000002,SL,8125.0
2026-04-29 09:30:00,644.04,647.665,625.915,TP,8250.0
2026-04-29 14:25:00,641.57,644.8700000000001,625.0699999999997,TP,8375.0
2026-04-29 16:35:00,609.74,607.595,620.4649999999999,TP,8500.0
2026-04-29 20:45:00,633.12,636.9449999999999,613.9950000000003,SL,8475.0
2026-04-29 22:15:00,600.86,596.6500000000001,621.9099999999996,SL,8450.0
2026-04-30 00:20:00,590.71,585.905,614.7350000000004,SL,8425.0
2026-04-30 01:15:00,589.28,586.7149999999999,602.1050000000002,SL,8400.0
2026-04-30 03:25:00,600.19,602.735,587.4650000000003,SL,8375.0
2026-04-30 06:05:00,581.4,577.925,598.7750000000001,SL,8350.0
2026-04-30 07:55:00,595.45,598.2450000000001,581.4749999999997,SL,8325.0
2026-04-30 10:05:00,604.04,607.265,587.9149999999998,SL,8300.0
2026-04-30 10:40:00,609.18,611.9499999999999,595.33,SL,8275.0
2026-04-30 12:40:00,610.64,615.005,588.8149999999999,SL,8250.0
2026-04-30 13:10:00,607.93,611.415,590.5049999999999,SL,8225.0
2026-04-30 13:35:00,605.15,603.02,615.8,TP,8350.0
2026-04-30 14:30:00,610.26,608.87,617.2099999999999,SL,8325.0
2026-04-30 15:10:00,619.36,621.915,606.5850000000003,SL,8300.0
2026-04-30 15:55:00,627.49,629.755,616.1650000000001,SL,8275.0
2026-04-30 18:40:00,613.54,610.405,629.2149999999999,SL,8250.0
2026-04-30 21:10:00,614.53,618.4,595.18,SL,8225.0
2026-04-30 23:10:00,620.53,624.2049999999999,602.1550000000002,SL,8200.0
2026-04-30 23:45:00,625.14,628.165,610.0150000000001,SL,8175.0
2026-05-01 01:20:00,637.53,641.025,620.055,TP,8300.0
2026-05-01 02:20:00,638.15,641.5899999999999,620.9500000000003,TP,8425.0
2026-05-01 02:30:00,628.87,625.12,647.62,SL,8400.0
2026-05-01 04:15:00,639.48,641.5450000000001,629.1549999999997,SL,8375.0
2026-05-01 04:50:00,638.14,641.52,621.24,TP,8500.0
2026-05-01 05:50:00,626.69,623.98,640.2400000000002,SL,8475.0
2026-05-01 07:35:00,634.81,637.74,620.1599999999996,TP,8600.0
2026-05-01 08:35:00,622.29,619.255,637.4649999999998,SL,8575.0
2026-05-01 12:10:00,606.27,603.385,620.6949999999999,SL,8550.0
2026-05-01 13:15:00,601.44,598.4250000000001,616.515,TP,8675.0
2026-05-01 14:30:00,619.37,624.8,592.2200000000003,SL,8650.0
2026-05-01 17:10:00,590.15,586.2249999999999,609.7750000000003,SL,8625.0
2026-05-01 19:25:00,573.07,570.26,587.1200000000003,SL,8600.0
2026-05-01 21:10:00,587.27,589.9549999999999,573.8450000000003,SL,8575.0
2026-05-01 23:30:00,585.45,587.7250000000001,574.0749999999996,SL,8550.0
2026-05-02 00:30:00,591.28,593.0899999999999,582.2300000000002,SL,8525.0
2026-05-02 03:10:00,621.12,625.05,601.4700000000003,SL,8500.0
2026-05-02 03:55:00,624.88,627.2049999999999,613.2550000000003,SL,8475.0
2026-05-02 07:55:00,637.24,642.615,610.365,SL,8450.0
2026-05-02 08:55:00,638.74,641.5250000000001,624.8149999999996,SL,8425.0
2026-05-02 10:45:00,653.04,654.7,644.7399999999996,SL,8400.0
2026-05-02 14:00:00,650.97,654.635,632.6450000000002,SL,8375.0
2026-05-02 14:45:00,650.25,654.215,630.4249999999998,SL,8350.0
2026-05-02 15:05:00,643.36,639.755,661.3850000000001,SL,8325.0
2026-05-02 16:00:00,651.42,654.865,634.1949999999997,SL,8300.0
2026-05-02 16:35:00,650.91,654.2149999999999,634.3850000000002,SL,8275.0
2026-05-02 16:50:00,643.85,640.8,659.1000000000004,SL,8250.0
2026-05-02 17:55:00,652.84,654.39,645.0900000000003,SL,8225.0
2026-05-02 19:55:00,637.54,635.845,646.0149999999996,SL,8200.0
2026-05-02 21:30:00,657.42,659.55,646.77,SL,8175.0
2026-05-03 01:15:00,616.7,612.2,639.2,SL,8150.0
2026-05-03 02:45:00,627.35,630.12,613.5000000000001,SL,8125.0
2026-05-03 03:40:00,626.09,624.695,633.0649999999999,SL,8100.0
2026-05-03 05:15:00,639.32,640.705,632.3950000000001,TP,8225.0
2026-05-03 06:35:00,635.77,641.44,607.4199999999996,SL,8200.0
2026-05-03 06:55:00,630.47,626.575,649.9449999999999,SL,8175.0
2026-05-03 07:15:00,635.19,637.84,621.9400000000002,SL,8150.0
2026-05-03 08:45:00,619.44,617.08,631.2400000000001,SL,8125.0
2026-05-03 10:30:00,615.09,612.995,625.5650000000002,SL,8100.0
2026-05-03 11:55:00,630.6,633.87,614.2500000000001,SL,8075.0
2026-05-03 13:50:00,638.01,643.645,609.835,SL,8050.0
2026-05-03 14:30:00,637.81,640.43,624.7099999999999,TP,8175.0
2026-05-03 14:55:00,626.9,624.38,639.4999999999999,SL,8150.0
2026-05-03 18:05:00,631.74,634.245,619.215,SL,8125.0
2026-05-03 19:05:00,611.79,608.675,627.365,TP,8250.0
2026-05-03 21:30:00,643.25,648.8599999999999,615.2000000000005,SL,8225.0
2026-05-03 23:05:00,633.31,631.54,642.1599999999999,TP,8350.0
2026-05-03 23:30:00,638.95,641.6750000000001,625.3249999999999,SL,8325.0
2026-05-04 02:25:00,650.04,646.25,668.9899999999998,TP,8450.0
2026-05-04 04:20:00,670.07,672.955,655.6450000000001,SL,8425.0
2026-05-04 05:05:00,676.12,678.31,665.1700000000003,SL,8400.0
2026-05-04 06:10:00,679.75,683.515,660.9250000000001,Pending,8400.0
2026-05-04 08:50:00,652.32,649.0550000000001,668.645,SL,8375.0
2026-05-04 12:00:00,639.64,636.845,653.6149999999998,SL,8350.0
2026-05-04 14:25:00,653.34,656.6650000000001,636.7149999999998,TP,8475.0
2026-05-04 15:30:00,650.39,654.915,627.7650000000001,TP,8600.0
2026-05-04 16:20:00,642.37,639.3199999999999,657.6200000000003,SL,8575.0
2026-05-04 17:50:00,635.37,632.22,651.1199999999999,SL,8550.0
2026-05-04 19:20:00,647.42,651.555,626.745,TP,8675.0
2026-05-04 21:05:00,621.97,618.53,639.1700000000003,SL,8650.0
2026-05-04 23:25:00,615.48,610.465,640.555,SL,8625.0
2026-05-05 02:30:00,637.43,643.155,608.8049999999998,Pending,8625.0
2026-05-05 04:30:00,608.53,611.095,595.7049999999997,Pending,8625.0
2026-05-05 04:40:00,604.35,602.425,613.9750000000004,SL,8600.0
2026-05-05 07:30:00,580.35,578.26,590.8000000000002,SL,8575.0
2026-05-05 08:25:00,575.33,572.34,590.2800000000001,SL,8550.0
2026-05-05 13:00:00,572.89,577.615,549.2649999999999,TP,8675.0
2026-05-05 13:40:00,566.96,562.835,587.585,SL,8650.0
2026-05-05 13:50:00,571.1,574.065,556.2749999999999,TP,8775.0
2026-05-05 14:15:00,564.55,562.48,574.8999999999996,SL,8750.0
2026-05-05 16:00:00,562.3,565.25,547.5499999999997,TP,8875.0
2026-05-05 18:00:00,545.21,543.705,552.735,SL,8850.0
2026-05-05 21:55:00,534.14,530.125,554.2149999999999,SL,8825.0
2026-05-05 23:40:00,551.5,546.15,578.2500000000001,SL,8800.0
2026-05-06 00:25:00,555.95,550.7850000000001,581.7749999999999,SL,8775.0
2026-05-06 00:45:00,562.38,565.3199999999999,547.6800000000003,TP,8900.0
2026-05-06 01:30:00,555.84,552.625,571.9150000000002,SL,8875.0
2026-05-06 02:00:00,562.12,565.39,545.7700000000001,TP,9000.0
2026-05-06 03:00:00,546.44,543.3000000000001,562.14,TP,9125.0
2026-05-06 05:30:00,553.53,556.3299999999999,539.5300000000002,SL,9100.0
2026-05-06 06:55:00,555.63,552.7750000000001,569.9049999999995,SL,9075.0
2026-05-06 07:55:00,554.13,552.2950000000001,563.3049999999996,SL,9050.0
2026-05-06 09:05:00,562.53,565.115,549.6049999999998,SL,9025.0
2026-05-06 13:40:00,559.34,563.53,538.3900000000003,SL,9000.0
2026-05-06 14:40:00,565.82,568.1800000000001,554.02,TP,9125.0
2026-05-06 16:45:00,554.51,556.3050000000001,545.5349999999996,SL,9100.0
2026-05-06 16:55:00,549.29,547.41,558.6899999999999,TP,9225.0
2026-05-06 17:25:00,556.93,559.54,543.8799999999999,SL,9200.0
2026-05-06 19:55:00,569.95,573.1650000000001,553.8749999999999,TP,9325.0
2026-05-06 22:55:00,545.6,542.6600000000001,560.2999999999997,TP,9450.0
2026-05-07 01:35:00,562.12,564.12,552.12,SL,9425.0
2026-05-07 03:20:00,567.04,571.005,547.2149999999998,SL,9400.0
2026-05-07 05:15:00,555.5,552.765,569.1750000000001,TP,9525.0
2026-05-07 06:10:00,552.88,551.285,560.8550000000001,SL,9500.0
2026-05-07 06:35:00,563.72,566.625,549.1950000000002,SL,9475.0
2026-05-07 09:15:00,572.9,575.535,559.725,SL,9450.0
2026-05-07 12:10:00,555.12,550.87,576.37,SL,9425.0
2026-05-07 14:45:00,539.74,537.185,552.5150000000003,SL,9400.0
2026-05-07 16:35:00,546.85,544.825,556.9749999999999,TP,9525.0
2026-05-07 19:05:00,558.23,563.745,530.6550000000001,SL,9500.0
2026-05-07 19:20:00,552.97,548.97,572.97,SL,9475.0
2026-05-07 20:00:00,560.33,562.96,547.1800000000001,SL,9450.0
2026-05-07 22:10:00,546.71,543.355,563.4850000000001,TP,9575.0
2026-05-08 02:00:00,552.48,555.19,538.9299999999998,SL,9550.0
2026-05-08 02:40:00,560.05,562.275,548.9249999999998,SL,9525.0
2026-05-08 03:25:00,560.03,563.2449999999999,543.9550000000004,SL,9500.0
2026-05-08 04:10:00,565.56,567.045,558.1349999999999,SL,9475.0
2026-05-08 04:55:00,564.31,568.4099999999999,543.8100000000004,SL,9450.0
2026-05-08 07:35:00,571.4,572.925,563.7750000000001,SL,9425.0
2026-05-08 08:05:00,570.11,572.8,556.6600000000003,SL,9400.0
2026-05-08 08:35:00,564.85,562.8050000000001,575.0749999999998,SL,9375.0
2026-05-08 09:00:00,577.11,579.74,563.96,TP,9500.0
2026-05-08 11:50:00,567.38,570.58,551.3799999999998,SL,9475.0
2026-05-08 12:25:00,557.46,554.175,573.8850000000004,SL,9450.0
2026-05-08 14:05:00,566.67,568.99,555.0699999999997,TP,9575.0
2026-05-08 15:00:00,553.68,550.47,569.7299999999996,SL,9550.0
2026-05-08 16:45:00,561.06,563.27,550.0099999999998,SL,9525.0
2026-05-08 19:50:00,577.65,580.1949999999999,564.9250000000002,TP,9650.0
2026-05-08 21:40:00,576.06,584.0349999999999,536.1850000000004,TP,9775.0
2026-05-08 22:10:00,575.4,577.895,562.925,TP,9900.0
2026-05-08 23:15:00,562.33,560.1650000000001,573.1549999999999,SL,9875.0
2026-05-09 01:25:00,557.26,558.74,549.8599999999999,TP,10000.0
2026-05-09 04:25:00,562.5,565.465,547.6749999999998,Pending,10000.0
2026-05-09 05:55:00,546.32,544.825,553.7950000000001,TP,10125.0
2026-05-09 07:15:00,556.0,559.515,538.4250000000001,SL,10100.0
2026-05-09 08:50:00,560.89,563.8399999999999,546.1400000000003,Pending,10100.0
2026-05-09 12:05:00,548.22,544.955,564.545,SL,10075.0
2026-05-09 14:20:00,547.25,549.765,534.6750000000001,SL,10050.0
2026-05-09 16:05:00,547.2,549.5900000000001,535.2499999999995,TP,10175.0
2026-05-09 18:05:00,518.28,513.7049999999999,541.1550000000002,SL,10150.0
2026-05-10 00:25:00,513.34,511.32500000000005,523.415,TP,10275.0
2026-05-10 03:20:00,529.04,532.345,512.5149999999996,SL,10250.0
2026-05-10 04:00:00,522.94,520.5,535.1400000000003,TP,10375.0
2026-05-10 05:10:00,537.6,540.65,522.3500000000003,SL,10350.0
2026-05-10 06:35:00,541.18,545.1099999999999,521.5300000000002,SL,10325.0
2026-05-10 08:05:00,524.55,522.3899999999999,535.3500000000004,SL,10300.0
2026-05-10 09:20:00,535.49,538.04,522.7400000000002,SL,10275.0
2026-05-10 11:10:00,546.15,548.3599999999999,535.1000000000004,SL,10250.0
2026-05-10 12:10:00,557.14,559.845,543.6149999999998,TP,10375.0
2026-05-10 14:15:00,556.46,560.71,535.21,TP,10500.0
2026-05-10 16:00:00,539.94,536.8700000000001,555.2899999999997,SL,10475.0
2026-05-10 19:35:00,529.22,526.365,543.4950000000001,TP,10600.0
2026-05-10 20:15:00,535.66,538.0899999999999,523.5100000000002,SL,10575.0
2026-05-10 21:55:00,547.45,549.705,536.1750000000001,TP,10700.0
2026-05-10 23:50:00,533.1,530.21,547.55,SL,10675.0
2026-05-11 00:05:00,535.06,538.145,519.6349999999998,TP,10800.0
2026-05-11 04:35:00,528.24,530.455,517.1649999999998,SL,10775.0
2026-05-11 05:15:00,527.65,530.13,515.2499999999999,SL,10750.0
2026-05-11 05:25:00,521.14,518.9549999999999,532.0650000000003,SL,10725.0
2026-05-11 06:05:00,530.37,533.625,514.095,SL,10700.0
2026-05-11 07:20:00,542.06,544.0899999999999,531.9100000000001,TP,10825.0
2026-05-11 11:20:00,531.84,534.4350000000001,518.8649999999999,Pending,10825.0
2026-05-11 12:35:00,526.68,528.115,519.5049999999997,TP,10950.0
2026-05-11 13:15:00,517.57,515.96,525.6200000000001,SL,10925.0
2026-05-11 18:25:00,497.11,500.895,478.1850000000002,TP,11050.0
2026-05-11 19:10:00,497.48,499.44000000000005,487.67999999999984,TP,11175.0
2026-05-11 21:00:00,476.05,473.905,486.7750000000002,SL,11150.0
2026-05-11 23:55:00,459.86,457.785,470.23499999999996,SL,11125.0
2026-05-12 04:00:00,457.5,460.275,443.6250000000001,SL,11100.0
2026-05-12 07:20:00,461.83,465.14,445.28,Pending,11100.0
2026-05-12 10:15:00,444.04,441.61,456.19000000000005,TP,11225.0
2026-05-12 12:15:00,458.76,462.6,439.55999999999983,Pending,11225.0
2026-05-12 13:00:00,457.01,459.74,443.3599999999999,TP,11350.0
2026-05-12 13:40:00,456.31,458.16499999999996,447.0350000000002,Pending,11350.0
2026-05-12 15:45:00,437.35,435.665,445.77500000000003,SL,11325.0
2026-05-12 17:25:00,442.94,444.78999999999996,433.69000000000017,Pending,11325.0
2026-05-12 20:00:00,438.54,440.69500000000005,427.7649999999999,SL,11300.0
2026-05-12 21:20:00,442.84,445.17999999999995,431.1400000000001,Pending,11300.0
2026-05-13 00:25:00,434.0,436.66499999999996,420.6750000000002,SL,11275.0
2026-05-13 01:25:00,437.56,439.89,425.9100000000001,TP,11400.0
2026-05-13 02:20:00,437.72,439.36,429.5200000000001,TP,11525.0
2026-05-13 02:50:00,434.44,432.71999999999997,443.04000000000013,SL,11500.0
2026-05-13 03:05:00,438.54,440.18000000000006,430.3399999999998,TP,11625.0
2026-05-13 05:55:00,428.68,425.055,446.805,SL,11600.0
2026-05-13 07:15:00,427.4,425.11,438.8499999999998,SL,11575.0
2026-05-13 07:50:00,432.88,435.81,418.22999999999996,TP,11700.0
2026-05-13 10:20:00,433.03,435.23,422.02999999999975,Pending,11700.0
2026-05-13 14:30:00,409.68,407.545,420.35499999999996,SL,11675.0
2026-05-13 15:50:00,421.48,425.46000000000004,401.5799999999999,TP,11800.0
2026-05-13 18:45:00,403.46,400.81499999999994,416.6850000000002,SL,11775.0
2026-05-13 19:25:00,409.23,411.62,397.2800000000001,SL,11750.0
2026-05-13 20:45:00,398.34,395.4549999999999,412.7650000000002,SL,11725.0
2026-05-13 21:45:00,405.54,408.1,392.74,SL,11700.0
2026-05-13 23:15:00,404.95,402.91499999999996,415.1250000000001,SL,11675.0
2026-05-14 00:05:00,405.11,403.055,415.38500000000005,SL,11650.0
2026-05-14 00:40:00,402.44,400.95500000000004,409.8649999999998,SL,11625.0
2026-05-14 01:45:00,413.13,415.95,399.03000000000003,SL,11600.0
2026-05-14 04:10:00,419.27,423.885,396.19499999999994,SL,11575.0
2026-05-14 07:25:00,426.22,427.80500000000006,418.29499999999985,TP,11700.0
2026-05-14 08:15:00,419.42,417.53,428.87000000000023,SL,11675.0
2026-05-14 10:05:00,412.85,409.96000000000004,427.29999999999995,SL,11650.0
2026-05-14 11:40:00,412.62,410.88,421.32000000000005,SL,11625.0
2026-05-14 12:00:00,418.78,421.31499999999994,406.10500000000013,SL,11600.0
2026-05-14 14:10:00,410.14,408.115,420.2649999999999,SL,11575.0
2026-05-14 16:10:00,402.42,400.54,411.82,SL,11550.0
2026-05-14 17:35:00,406.09,408.60499999999996,393.51500000000004,SL,11525.0
2026-05-14 19:20:00,412.59,410.21,424.48999999999995,SL,11500.0
2026-05-14 20:50:00,417.06,420.05,402.10999999999996,SL,11475.0
2026-05-15 04:35:00,409.66,408.245,416.7350000000001,SL,11450.0
2026-05-15 09:35:00,403.89,405.42999999999995,396.19000000000017,TP,11575.0
2026-05-15 11:00:00,403.17,405.375,392.1450000000001,TP,11700.0
2026-05-15 13:20:00,392.71,394.55499999999995,383.4850000000001,SL,11675.0
2026-05-15 14:00:00,394.72,396.72,384.72,SL,11650.0
2026-05-15 15:10:00,396.04,397.98,386.34000000000003,SL,11625.0
2026-05-15 16:55:00,400.24,402.21000000000004,390.3899999999999,SL,11600.0
2026-05-15 17:55:00,399.82,401.945,389.195,SL,11575.0
2026-05-15 18:20:00,396.98,395.06500000000005,406.55499999999984,SL,11550.0
2026-05-15 19:20:00,407.07,408.49,399.9699999999999,TP,11675.0
2026-05-15 20:05:00,406.47,409.47,391.47,SL,11650.0
2026-05-15 20:35:00,401.94,399.24,415.43999999999994,SL,11625.0
2026-05-15 21:45:00,407.19,409.45500000000004,395.8649999999998,TP,11750.0
2026-05-16 02:30:00,396.43,397.96000000000004,388.77999999999986,SL,11725.0
2026-05-16 04:40:00,411.8,414.16,399.99999999999994,TP,11850.0
2026-05-16 10:15:00,398.53,400.92999999999995,386.5300000000001,TP,11975.0
2026-05-16 12:20:00,390.58,388.555,400.70499999999987,SL,11950.0
2026-05-16 13:40:00,384.12,382.655,391.44500000000016,SL,11925.0
2026-05-16 16:15:00,399.79,404.485,376.31500000000005,SL,11900.0
2026-05-16 23:15:00,426.59,428.09,419.09,TP,12025.0
2026-05-17 00:15:00,424.13,426.71999999999997,411.1800000000001,TP,12150.0
2026-05-17 03:40:00,407.21,405.45,416.00999999999993,SL,12125.0
2026-05-17 05:55:00,401.49,398.71000000000004,415.3899999999999,SL,12100.0
2026-05-17 10:15:00,402.9,405.465,390.075,SL,12075.0
2026-05-17 11:10:00,403.85,405.32500000000005,396.4749999999999,TP,12200.0
2026-05-17 15:00:00,412.93,415.265,401.2550000000001,SL,12175.0
2026-05-17 16:05:00,414.69,418.375,396.265,SL,12150.0
2026-05-17 18:10:00,414.95,416.955,404.925,SL,12125.0
2026-05-17 20:30:00,417.1,419.21500000000003,406.525,SL,12100.0
2026-05-17 21:25:00,421.39,423.275,411.96500000000003,TP,12225.0
2026-05-18 00:20:00,420.44,422.115,412.06499999999994,SL,12200.0
2026-05-18 03:00:00,405.99,402.575,423.0650000000001,SL,12175.0
2026-05-18 07:15:00,411.04,412.51500000000004,403.6649999999999,SL,12150.0
2026-05-18 07:30:00,407.25,405.80499999999995,414.47500000000025,SL,12125.0
2026-05-18 09:05:00,412.96,414.86,403.4599999999998,SL,12100.0
2026-05-18 12:00:00,411.3,413.665,399.47499999999997,SL,12075.0
2026-05-18 13:10:00,411.17,409.22,420.91999999999996,SL,12050.0
2026-05-18 14:15:00,419.91,421.7950000000001,410.4849999999998,SL,12025.0
2026-05-18 15:55:00,426.24,427.865,418.115,SL,12000.0
2026-05-18 16:45:00,428.52,430.33,419.46999999999997,Pending,12000.0
2026-05-18 17:20:00,428.47,430.68,417.42000000000013,Pending,12000.0
2026-05-18 18:30:00,418.82,416.635,429.745,SL,11975.0
2026-05-18 20:25:00,426.48,428.285,417.455,TP,12100.0
2026-05-19 03:35:00,402.92,400.70500000000004,413.9949999999999,SL,12075.0
2026-05-19 05:10:00,398.64,395.79999999999995,412.84000000000015,SL,12050.0
2026-05-19 08:20:00,418.2,413.21999999999997,443.1000000000001,SL,12025.0
2026-05-19 09:25:00,414.78,412.54999999999995,425.93000000000006,SL,12000.0
2026-05-19 10:20:00,413.66,411.32000000000005,425.3599999999999,SL,11975.0
2026-05-19 12:10:00,400.94,398.65,412.3900000000001,SL,11950.0
2026-05-19 20:05:00,390.65,388.655,400.625,TP,12075.0
2026-05-19 21:50:00,400.94,403.105,390.1149999999999,SL,12050.0
2026-05-19 23:55:00,392.79,390.83500000000004,402.56499999999994,SL,12025.0
2026-05-20 00:45:00,402.47,405.44000000000005,387.6199999999999,SL,12000.0
2026-05-20 02:40:00,399.74,395.22,422.3399999999999,SL,11975.0
2026-05-20 03:50:00,406.04,407.71000000000004,397.68999999999994,SL,11950.0
2026-05-20 04:35:00,408.38,409.86,400.9799999999999,SL,11925.0
2026-05-20 06:30:00,413.46,415.405,403.735,SL,11900.0
2026-05-20 07:25:00,414.19,416.66499999999996,401.81500000000017,SL,11875.0
2026-05-20 08:10:00,414.78,416.585,405.75499999999994,SL,11850.0
2026-05-20 12:00:00,410.93,412.645,402.35500000000013,SL,11825.0
2026-05-20 12:35:00,410.69,412.81,400.09,SL,11800.0
2026-05-20 13:05:00,404.24,402.24,414.24,TP,11925.0
2026-05-20 13:30:00,412.41,415.635,396.2850000000002,SL,11900.0
2026-05-20 14:15:00,415.09,416.96,405.73999999999995,TP,12025.0
2026-05-20 21:35:00,404.88,402.35,417.52999999999986,SL,12000.0
2026-05-20 22:30:00,406.4,403.52,420.79999999999995,SL,11975.0
2026-05-20 23:15:00,411.8,413.92,401.2,TP,12100.0
2026-05-21 01:10:00,400.9,398.42499999999995,413.2750000000001,SL,12075.0
2026-05-21 02:45:00,407.16,409.02,397.86000000000024,SL,12050.0
2026-05-21 03:30:00,407.71,409.98,396.3599999999998,SL,12025.0
2026-05-21 04:50:00,400.24,398.09000000000003,410.9899999999999,SL,12000.0
2026-05-21 06:00:00,412.35,414.255,402.82500000000016,SL,11975.0
2026-05-21 07:50:00,411.74,415.255,394.1650000000001,SL,11950.0
2026-05-21 10:45:00,402.61,399.85,416.40999999999997,SL,11925.0
2026-05-21 12:50:00,400.67,398.645,410.7950000000002,SL,11900.0
2026-05-21 16:25:00,407.8,411.44,389.6000000000001,SL,11875.0
2026-05-21 18:15:00,410.01,412.315,398.48499999999996,SL,11850.0
2026-05-21 19:25:00,410.19,414.04499999999996,390.9150000000002,SL,11825.0
2026-05-21 20:40:00,414.29,417.125,400.1150000000001,SL,11800.0
2026-05-21 21:55:00,413.3,415.93,400.15000000000003,SL,11775.0
2026-05-22 04:05:00,419.34,424.34999999999997,394.29,TP,11900.0
2026-05-22 07:25:00,405.69,407.255,397.865,SL,11875.0
2026-05-22 08:10:00,398.36,395.845,410.93499999999995,SL,11850.0
2026-05-22 09:20:00,402.81,404.20500000000004,395.8349999999998,SL,11825.0
2026-05-22 13:10:00,408.21,410.395,397.28499999999997,SL,11800.0
2026-05-22 15:45:00,414.94,417.375,402.765,TP,11925.0
2026-05-22 17:05:00,413.63,417.83,392.63000000000005,TP,12050.0
2026-05-22 21:15:00,397.96,395.48,410.3599999999998,SL,12025.0
2026-05-23 00:05:00,397.02,395.55499999999995,404.34500000000014,SL,12000.0
2026-05-23 04:20:00,400.68,402.91499999999996,389.5050000000002,TP,12125.0
2026-05-23 05:30:00,393.93,392.01,403.5300000000001,SL,12100.0
2026-05-23 06:20:00,401.88,404.375,389.405,TP,12225.0
2026-05-23 07:15:00,402.13,404.53999999999996,390.08000000000015,TP,12350.0
2026-05-23 08:35:00,390.32,387.78499999999997,402.9950000000001,SL,12325.0
2026-05-23 10:50:00,394.34,396.17499999999995,385.1650000000001,SL,12300.0
2026-05-23 12:45:00,398.94,401.705,385.11500000000007,TP,12425.0
2026-05-23 14:55:00,386.32,384.33500000000004,396.2449999999998,SL,12400.0
2026-05-23 22:45:00,374.17,375.77500000000003,366.1449999999999,SL,12375.0
2026-05-23 23:00:00,369.29,367.81,376.6900000000001,TP,12500.0
2026-05-23 23:40:00,379.74,382.18,367.54,SL,12475.0
2026-05-24 05:05:00,375.02,373.5,382.6199999999999,SL,12450.0
2026-05-24 06:30:00,384.74,387.21000000000004,372.3899999999999,TP,12575.0
2026-05-24 12:15:00,380.5,377.115,397.42499999999995,SL,12550.0
2026-05-24 16:35:00,367.44,365.64,376.44000000000005,TP,12675.0
2026-05-24 20:50:00,393.75,395.245,386.275,SL,12650.0
2026-05-24 21:40:00,395.39,397.87,382.9899999999999,TP,12775.0
2026-05-25 01:30:00,382.37,379.53,396.57000000000016,SL,12750.0
2026-05-25 03:50:00,376.05,373.55,388.55,SL,12725.0
2026-05-25 06:20:00,379.34,381.05999999999995,370.7400000000001,SL,12700.0
2026-05-25 06:55:00,373.7,372.015,382.125,SL,12675.0
2026-05-25 09:05:00,379.95,383.56,361.8999999999999,TP,12800.0
2026-05-25 11:20:00,375.15,373.66999999999996,382.55000000000007,SL,12775.0
2026-05-25 11:50:00,381.3,382.68500000000006,374.3749999999998,SL,12750.0
2026-05-25 16:15:00,372.09,368.715,388.965,SL,12725.0
2026-05-25 16:35:00,379.45,382.46000000000004,364.39999999999975,SL,12700.0
2026-05-25 18:10:00,365.26,361.58,383.66,SL,12675.0
2026-05-25 19:45:00,361.22,359.33000000000004,370.66999999999996,SL,12650.0
2026-05-25 21:20:00,360.52,359.06999999999994,367.7700000000002,SL,12625.0
2026-05-26 02:15:00,355.27,352.81999999999994,367.5200000000002,SL,12600.0
2026-05-26 03:25:00,364.4,367.885,346.9749999999999,SL,12575.0
2026-05-26 05:00:00,366.6,363.82000000000005,380.4999999999999,SL,12550.0
2026-05-26 05:20:00,371.3,372.98,362.9,TP,12675.0
2026-05-26 11:30:00,362.59,359.03499999999997,380.365,SL,12650.0
2026-05-26 15:05:00,353.84,349.03999999999996,377.84000000000003,SL,12625.0
2026-05-26 15:45:00,353.14,351.125,363.2149999999999,SL,12600.0
2026-05-26 16:15:00,358.92,361.285,347.09499999999997,SL,12575.0
2026-05-26 18:35:00,360.3,362.81,347.75000000000006,TP,12700.0
2026-05-26 20:15:00,348.32,345.23,363.76999999999987,SL,12675.0
2026-05-27 08:05:00,357.01,360.105,341.53499999999985,SL,12650.0
2026-05-27 09:15:00,361.26,363.365,350.7349999999999,SL,12625.0
2026-05-27 12:05:00,372.7,376.92999999999995,351.5500000000002,SL,12600.0
2026-05-27 15:05:00,376.63,374.625,386.655,Pending,12600.0
2026-05-27 16:10:00,385.56,387.375,376.485,SL,12575.0
2026-05-27 17:10:00,383.86,386.52,370.5600000000002,SL,12550.0
2026-05-27 17:30:00,381.03,379.21999999999997,390.08,TP,12675.0
2026-05-27 18:25:00,393.64,395.055,386.5649999999999,TP,12800.0
2026-05-27 20:05:00,390.25,393.355,374.7249999999999,SL,12775.0
2026-05-27 20:30:00,385.68,384.27,392.73000000000013,SL,12750.0
2026-05-27 22:10:00,380.83,378.96,390.18,Pending,12750.0
2026-05-28 01:20:00,393.37,395.6,382.2199999999999,SL,12725.0
2026-05-28 01:55:00,393.57,395.90999999999997,381.8700000000001,SL,12700.0
2026-05-28 02:10:00,390.09,387.65,402.28999999999996,Pending,12700.0
2026-05-28 03:25:00,405.74,407.48,397.03999999999996,SL,12675.0
2026-05-28 10:20:00,412.17,414.37,401.1700000000001,TP,12800.0
2026-05-28 11:15:00,413.54,416.865,396.9150000000001,Pending,12800.0
2026-05-28 11:50:00,411.91,414.745,397.7350000000001,TP,12925.0
2026-05-28 12:30:00,406.44,404.41999999999996,416.5400000000002,SL,12900.0
2026-05-28 15:20:00,401.55,399.44500000000005,412.0749999999998,SL,12875.0
2026-05-28 16:35:00,409.03,410.91499999999996,399.605,TP,13000.0
2026-05-28 20:00:00,396.91,399.01500000000004,386.38499999999993,Pending,13000.0
2026-05-28 20:50:00,389.07,387.495,396.94499999999994,TP,13125.0
